,slang,formal
0,woww,wow
1,aminn,amin
2,met,selamat
3,netaas,menetas
4,keberpa,keberapa
5,eeeehhhh,eh
6,kata2nyaaa,kata-katanya
7,hallo,halo
8,kaka,kakak
9,ka,kak
10,daah,dah
11,aaaaahhhh,ah
12,yaa,ya
13,smga,semoga
14,slalu,selalu
15,amiin,amin
16,kk,kakak
17,trus,terus
18,sii,sih
19,nyenengin,menyenangkan
20,bgt,banget
21,gemess,gemas
22,akuuu,aku
23,jgn,jangan
24,udah,sudah
25,gitu,begitu
26,aja,saja
27,gemesiin,menggemaskan
28,menyenangkn,menyenangkan
29,rb,ribu
30,akau,aku
31,saranin,menyarankan
32,nemuin,menemukan
33,yah,ya
34,mnis2nya,manis-manisnya
35,gtu,begitu
36,tu,itu
37,idolaa,idola
38,bangett,banget
39,kaakk,kak
40,baaiikkk,baik
41,telaatt,telat
42,kaak,kak
43,yg,yang
44,lg,lagi
45,skarang,sekarang
46,sempet,sempat
47,karna,karena
48,ngga,enggak
49,mantep,mantap
50,loohhh,loh
51,yeee,ya
52,baguuuuus,bagus
53,sampe,sampai
54,ngikutin,mengikuti
55,gayany,gayanya
56,bnk,bang
57,awaas,awas
58,siip,sip
59,abizzzz,habis
60,kerrrrennnn,keren
61,sayaa,saya
62,pengen,ingin
63,kpan,kapan
64,sma,sama
65,sdkit,sedikit
66,bngt,banget
67,lgu,lagu
68,bener2,benar-benar
69,kharismanya,karismanya
70,aq,aku
71,jdi,jadi
72,lgi,lagi
73,gk,enggak
74,kek,kayak
75,lgunya,lagunya
76,kereeeeennnn,keren
77,nyamain,menyamakan
78,lakik,laki
79,siippp,sip
80,bkn,bukan
81,nyangka,menyangka
82,bangettt,banget
83,kereeen,keren
84,wihhhhhh,wih
85,tp,tapi
86,inget,ingat
87,bingitsss,banget
88,dmn,dimana
89,bird,biru
90,kaloo,kalo
91,gimna,bagaimana
92,tuuh,tuh
93,nyebur,mencebur
94,yng,yang
95,dbuat,dibuat
96,kn,kan
97,org,orang
98,pingin,ingin
99,bangcat,bangsat
100,yha,ya
101,waoohhh,wah
102,pngn,pegen
103,tmpt,tempat
104,dhe,deh
105,indahhh,indah
106,bgttt,banget
107,tuhh,tuh
108,berarto,berarti
109,ga,enggak
110,aamiin,amin
111,amiiinn,amin
112,dgn,dengan
113,aminnnn2,amin-amin
114,amiiiin,amin
115,aminnn,amin
116,amiend,amien
117,yaaa,ya
118,ameen,amin
119,aminnnn,amin
120,amiiinnn,amin
121,ngomong,mengomong
122,mamer,memamerkan
123,keles,kali
124,jelase,jelas
125,liat,lihat
126,uwakk,uwak
127,ntar,entar
128,bs,bisa
129,gini,begini
130,salfok,salah fokus
131,njir,anjir
132,piiink,pink
133,astgfrullah,astagfirullah
134,ko,kok
135,cd,celana dalam
136,gbs,enggak bisa
137,bhs,bahasa
138,yaaaaaa,ya
139,gak,enggak
140,bangshad,bangsat
141,stagahhhh,astaga
142,kpn,kapan
143,iooo,lo
144,dy,dia
145,d,ada
146,mslh,masalah
147,qt,kita
148,plampiasannn,pelampiasan
149,masalahh,masalah
150,tohh,toh
151,inghinn,ingin
152,dhi,di
153,mengherthii,mengerti
154,yanckh,yang
155,chelalyyu,selalu
156,therchakitty,tersakiti
157,mauuuuu,mau
158,kaliii,kali
159,bangat,banget
160,bkin,bikin
161,dongg,dong
162,yokkk,yuk
163,yu,yuk
164,sweger,segar
165,gantengg,ganteng
166,bingiit,banget
167,kebukaaa,terbuka
168,tpi,tapi
169,keliatan,kelihatan
170,yakk,ya
171,kayakk,kayak
172,asliii,asli
173,kyk,kayak
174,cntiknya,cantiknya
175,bat,banget
176,ngeliatnya,melihatnya
177,sll,selalu
178,bet,banget
179,njerr,anjir
180,bingiiittttzzzz,banget
181,k,kak
182,klo,kalo
183,dooong,dong
184,masi,masih
185,gni,begini
186,hdk,hendak
187,jugaa,juga
188,mksud,maksud
189,aj,saja
190,tetep,tetap
191,mbakx,mbaknya
192,syantik,cantik
193,kite,kita
194,pa,apa
195,mksd,maksud
196,bejilbbnya,berjilbabnya
197,masio,masih
198,yahhh,ya
199,makasih,terima kasih
200,leh,boleh
201,ugaaa,juga
202,jerewi,jerawat
203,ilang,hilang
204,jilbabnyaah,jilbabnya
205,yuuuk,yuk
206,warnaaa,warna
207,punyaaa,punya
208,cantiik,cantik
209,sukaaak,suka
210,kebayanyaa,kebayanya
211,mantes,memantas
212,merekaaaa,mereka
213,jugaaa,juga
214,gilaaaa,gila
215,tiga2nya,tiga-tiganya
216,lucuu,lucu
217,emessss,gemas
218,ucullllll,lucu
219,males,malas
220,bangeettt,banget
221,gemesshh,gemas
222,apaaa,apa
223,ampuunn,ampun
224,ciuuuummmm,cium
225,mbil,sambil
226,ngmng,mengomong
227,ngemeng,mengomong
228,epe,apa
229,seehh,sih
230,yank,sayang
231,ucul,lucu
232,yahh,ya
233,gw,gue
234,ngakak,mengakak
235,astagfirrullah,astagfirullah
236,suerrr,suer
237,mnta,minta
238,syg,sayang
239,ntik,cantik
240,pny,punya
241,dapet,dapat
242,suru,suruh
243,lucuuuu,lucu
244,ketawakkkk,ketawa
245,kyanya,kayanya
246,bnget,banget
247,nakutin,menakutkan
248,malingg,maling
249,cocokk,cocok
250,niihh,nih
251,imutttttt,imut
252,satuuuuu,satu
253,sesekk,sesak
254,nafass,nafas
255,bgtt,banget
256,cintaaaaaaa,cinta
257,lucuk,lucu
258,ma,sama
259,duluu,dulu
260,megang,memegang
261,kawinin,mengawini
262,liatin,memperlihatkan
263,ny,nya
264,bdan,badan
265,nyaaa,nya
266,gemesin,menggemaskan
267,fotoin,memfoto
268,ngaku,mengaku
269,kaaa,kak
270,ganteng2,ganteng-ganteng
271,pcarny,pacarnya
272,kri,kiri
273,knpa,kenapa
274,pda,pada
275,cmn,cuman
276,gara2,gara-gara
277,garuk2,garuk-garuk
278,tembokk,tembok
279,namax,namanya
280,kiriii,kiri
281,bungkusin,bungkuskan
282,atu,satu
283,dehhhh,deh
284,kakk,kak
285,ngegantiin,menggantikan
286,alloh,allah
287,smpe,sampai
288,msh,masih
289,trsa,terasa
290,khadirannya,kehadirannya
291,fikiran,pikiran
292,hayalanku,khayalanku
293,bru,baru
294,nton,menonton
295,ngapain,mengapai
296,surgaa,surga
297,kangenn,kangen
298,kgn,kangen
299,kakkkkk,kak
300,rinduuuuuuuuu,rindu
301,ninggalin,meninggalkan
302,smg,semoga
303,terangkhn,terangkan
304,bgtttt,banget
305,knp,kenapa
306,tuk,untuk
307,slama,selama
308,orng,orang
309,bngunlah,bangunlah
310,bngun,bangun
311,ea,ya
312,qu,ku
313,hiri,hari
314,"teman""ny",teman-temannya
315,aza,saja
316,dr,dari
317,alm,almarhum
318,skrg,sekarang
319,sie,sih
320,benet,benar
321,bangetttt,banget
322,tuu,tuh
323,skrang,sekarang
324,gda,enggak ada
325,gantiin,menggantikan
326,kta,kata
327,kklau,kalau
328,acra,acara
329,kasian,kasihan
330,yaaa ,ya
331,bnerr,benar
332,emk,emak
333,temenn,teman
334,pngenn,ingin
335,terkenall,terkenal
336,ajhh,saja
337,sungguh2,sungguh-sungguh
338,mnjadi,menjadi
339,shbt,sahabat
340,bner,benar
341,ktny,katanya
342,dimusiumin,dimuseumkan
343,bntu,bantu
344,dlu,dulu
345,udh,sudah
346,kangem,kangen
347,amiiin,amin
348,smua,semua
349,slmt,selamat
350,jln,jalan
351,"mudh""an",mudah-mudahan
352,tenny,tenang
353,sdh,sudah
354,tnya,tanya
355,blm,belum
356,td,tadi
357,sblm,sebelum
358,bole,boleh
359,lahhh,lah
360,maap,maaf
361,cm,cuma
362,kmrn,kemarin
363,wkt,waktu
364,ama,sama
365,ak,aku
366,lht,lihat
367,biasa2,biasa-biasa
368,mnrtkuu,menurutku
369,trs,terus
370,ikutin,mengikuti
371,jdwl,jadwal
372,wajiiib,wajib
373,aaaammmiiiinnnn,amin
374,dtnggu,ditunggu
375,jan,jangan
376,kunjungin,kunjungi
377,lagiiii,lagi
378,waktunyaaa,waktunya
379,diluangin,diluangkan
380,jga,juga
381,mimin,admin
382,istimewaaa,istimewa
383,blom,belum
384,nangis,menangis
385,"ngaku""",mengaku-ngaku
386,diaa,dia
387,donkk,dong
388,kejawab,terjawab
389,yaaaa,ya
390,seru2an,seru-seruan
391,mohom,mohon
392,kebalas,terbalas
393,nyempetin,menyempatkan
394,wktunya,waktunya
395,kaaaa,kak
396,ngobrol,mengobrol
397,namain,menamai
398,bls,balas
399,ijap,ijab
400,kobul,kabul
401,co,cowok
402,pst,pasti
403,inggat,ingat
404,brdua,berdua
405,masing2,masih
406,sanggat,sangat
407,siipp,sip
408,laa,lah
409,dlm,dalam
410,hdup,hidup
411,hdp,hidup
412,kedpan,kedepan
413,smoga,semoga
414,mndaptkan,mendapatkan
415,"nutup""in",menutup-nutupi
416,iyah,iya
417,sja,saja
418,kakkk,kak
419,za,saja
420,mulut2,mulut-mulut
421,peengn,ingin
422,tuch,tuh
423,muantteepp,mantap
424,cpt,cepat
425,mrit,merit
426,y,ya
427,ngapasih,mengapa sih
428,ni,ini
429,segitunya,sebegitunya
430,fto,foto
431,pke,pakai
432,sisain,menyisakan
433,slamt,selamat
434,nantiii,nanti
435,edaaan,edan
436,emg,memang
437,tunggu2,tunggu-tunggu
438,sehat2,sehat-sehat
439,ciyeeeeeee,cie
440,pantes,pantas
441,lairannya,kelahirannya
442,jmnya,jamnya
443,ajha,saja
444,nyaaaa,nya
445,nyari,mencari
446,amiien,amien
447,terbaikkk,terbaik
448,ayahh,ayah
449,ae,saja
450,ndak,indak
451,ngerti,mengerti
452,mrekaaaa,mereka
453,yaampuuuunnnn,ya ampun
454,nyanyiin,menyanyikan
455,ahhh,ah
456,pgen,ingin
457,tempt,tempat
458,kh,kah
459,bgini,begini
460,brani,berani
461,km,kamu
462,jalan2,jalan-jalan
463,asyikkkkk,asyik
464,iriiiii,iri
465,ngajak,mengajak
466,naaaaahh,nah
467,kka,kakak
468,yak,ya
469,ttep,tetap
470,sperti,seperti
471,jrang,jarang
472,msuk,masuk
473,gossip2.an,gosip-gosipan
474,makkk,mak
475,guee,gue
476,pengennn,ingin
477,gilzz,gila
478,nyaru,menyaru
479,gilaaa,gila
480,jd,jadi
481,kebarat2an,kebarat-baratan
482,ohh,oh
483,mantabs,mantab
484,jgan,jangan
485,mlu,malu
486,payahh,payah
487,ntaf,mantap
488,beneran,benaran
489,"mudah""n",mudah-mudahan
490,gada,enggak ada
491,milikin,memiliki
492,kamo,kamu
493,inih,ini
494,sukaaaa,suka
495,sukaaaaaa,suka
496,kirain,mengira
497,mehoonggggg,mahal
498,apikkkk,apik
499,yach,ya
500,kereenn,keren
501,ginii,begini
502,ayoook,ayo
503,yoiii,yoi
504,gituuu,begitu
505,iyaaa,iya
506,pgn,ingin
507,liptsk,lipstik
508,nyeplak,menjiplak
509,cw,cewek
510,kmarin,kemarin
511,mengncang,mengencang
512,tauu,tau
513,ksh,kasih
514,skrng,sekarang
515,mksh,terima kasih
516,ank,anak
517,skitar,sekitar
518,ktmu,ketemu
519,tmen,teman
520,ats,atas
521,donk,dong
522,heii,hai
523,diputusin,diputuskan
524,pcrnya,pacarnya
525,mnjual,menjual
526,ngadain,mengadakan
527,kkak,kakak
528,rekomendasiin,merekomendasikan
529,sihhh,sih
530,cooocok,cocok
531,mrip,mirip
532,mama.nyy,mamanya
533,bosenin,membosankan
534,kmu,kamu
535,bukn,bukan
536,sey,sih
537,cantikkk,cantik
538,banger,banget
539,kaa,kak
540,eakyu,waktu
541,cntik,cantik
542,kakanya,kakaknya
543,doeloe,dulu
544,cantikkkk,cantik
545,bngtt,banget
546,iyak,iya
547,malh,malah
548,mlah,malah
549,ngak,enggak
550,laki2,laki-laki
551,gag,enggak
552,fhotonya,fotonya
553,bleh,boleh
554,brp,berapa
555,tnggl,tanggal
556,tanteny,tantenya
557,ky,kaya
558,sklinyaa,sekalinya
559,ayoo,ayo
560,w,gue
561,dramaa,drama
562,niiih,nih
563,bisaa,bisa
564,lha,lah
565,dunk,dong
566,lihaat,lihat
567,yuwkkk,yuk
568,nnti,nanti
569,editannn,editan
570,mw,mau
571,thu,tuh
572,mai,mau
573,kamuu,kamu
574,pastii,pasti
575,bisaaa,bisa
576,kejuu,keju
577,kereen,keren
578,nama.a,namanya
579,kmauan,kemauan
580,ahhhh,ah
581,yuuuuk,yuk
582,dmana,dimana
583,disiniii,disini
584,cobaa,coba
585,bayangin,bayangkan
586,yaudh,ya sudah
587,dl,dulu
588,ajaaa,saja
589,tuhhh,tuh
590,amploppp,amplop
591,mo,mau
592,sayangg'',sayang-sayang
593,nantii,nanti
594,aminnnnn,amin
595,gakuat,enggak kuat
596,yukkkk,yuk
597,nged,banget
598,nantik,nanti
599,ksitu,kesitu
600,bangeett,banget
601,liad,lihat
602,kluarga,keluarga
603,biasahhh,biasa
604,tutorialx,tutorialnya
605,dpke,dipakai
606,fhoto,foto
607,kerenn,keren
608,binggo,banget
609,rekomndd,rekomendasi
610,bli2n,beli-belikan
611,bwt,buat
612,wado,waduh
613,guaa,gua
614,yaakkk,ya
615,bangetttttyt,banget
616,bangettttt,banget
617,bangg,bang
618,kangeeeeeeeeennnnnnnn,kangen
619,kaliannnnnn,kalian
620,rinduuuuuuuuuu,rindu
621,kangennnnnmnnnnnnnnnnnnnnnnn,kangen
622,kaliannnnnm,kalian
623,kangeeeeeeeeeeennnnn,kangen
624,kangennnnnnnnnnnnnnnn,kangen
625,kangennn,kangen
626,kaliannnnnnn,kalian
627,th2,tahun-tahun
628,smpt,sempat
629,blg,bilang
630,trserah,terserah
631,ad,ada
632,cwo,cowok
633,prnah,pernah
634,wlwpun,walaupun
635,trpsah,terpisah
636,klw,kalau
637,mmg,memang
638,prsatukn,persatukan
639,g,enggak
640,slh,salah
641,ngomng,mengomong
642,mdh2an,mudah-mudahan
643,sm,sama
644,skedar,sekadar
645,kangeeerrn,kangen
646,pulak,pula
647,terrrrbaik,terbaik
648,jorookknya,joroknya
649,ihhhhh,ih
650,padahall,padahal
651,jorokkkk,jorok
652,mualll,mual
653,klow,kalau
654,muke,muka
655,ajh,saja
656,taiiii,tahi
657,seneeeeeng,senang
658,nyesel,menyesal
659,besarin,membesarkan
660,tanyang,tayang
661,ber2,berdua
662,jngan,jangan
663,ngelarang,melarang
664,kerreeen,keren
665,pantess,pantas
666,bngettt,banget
667,baperr,bawa perasaan
668,sudh,sudah
669,sbr,sabar
670,pngen,ingin
671,nntn,menonton
672,ht,hati
673,pemainy,pemainnya
674,jg,juga
675,aqu,aku
676,ngeliat,melihat
677,baper,bawa perasaan
678,akn,akan
679,nyampe,sampai
680,kbawa,terbawa
681,bradegan,beradegan
682,amiiinnnn,amin
683,mlm,malam
684,nikahin,menikahi
685,hadeuh,aduh
686,nyambung,menyambung
687,liyat,lihat
688,krn,karena
689,sk,suka
690,adengan,adegan
691,engga,enggak
692,bingit,banget
693,dapetin,mendapati
694,model2,model-model
695,sitayngin,ditayangkan
696,cocokkk,cocok
697,mahhhh,mah
698,cocokny,cocoknya
699,iniw,ini
700,q,ku
701,setju,setuju
702,bnern,benaran
703,pcrn,pacaran
704,klian,kalian
705,cocokkkk,cocok
706,bngett,banget
707,abes,habis
708,br,baru
709,mksdny,maksudnya
710,brpa,berapa
711,ihh,ih
712,kesampean,kesampaian
713,beginiiii,begini
714,ntr,entar
715,beliin,membelikan
716,kya,kaya
717,keq,kek
718,ngerasa,merasa
719,sygkuu,sayangku
720,ngeselin,mengesalkan
721,baju'a,bajunya
722,gara'',gara-gara
723,teruss,terus
724,pokok'a,pokoknya
725,bg,bang
726,ubur2,ubur-ubur
727,kuyy,yuk
728,bentarr,bentar
729,dureen,duren
730,ajibb,ajib
731,mahall,mahal
732,yukk,yuk
733,niiihh,nih
734,imuuttt,imut
735,imuttzz,imut
736,nha,nya
737,konten2,konten-konten
738,rasain,rasai
739,daaaah,deh
740,asliiii,asli
741,cantiknnnnyaaaaaaa,cantiknya
742,yuuk,yuk
743,ngelihatnya,melihatnya
744,bdn,badan
745,na,nya
746,ibu2,ibu-ibu
747,lau,kau
748,cantikk,cantik
749,sexxi,seksi
750,bulet,bulat
751,ituu,itu
752,ngocok,mengocok
753,nyoba,mencoba
754,gn,begini
755,yaahhh,ya
756,kencqng,kencang
757,kra,kira
758,diginikan,dibeginikan
759,"coret""",coret-coret
760,lahh,lah
761,gambarin,gambarkan
762,ngerii,ngeri
763,digambarin,digambarkan
764,klen,kalian
765,bangke,bangkai
766,kog,kok
767,liatnya,lihatnya
768,bedanyaaa,bedanya
769,negri,negeri
770,mbk,mbak
771,pgin,ingin
772,krudungan,kerudungan
773,ajaa,saja
774,maksutku,maksudku
775,kerennnnn,keren
776,njirr,anjir
777,jd'y,jadinya
778,manisnyaaaa,manisnya
779,thun,tahun
780,mbg,mbak
781,bangeet,banget
782,ngaco,mengaco
783,ngomen,mengomentari
784,kaaakk,kak
785,gituh,begitu
786,tenggah,tengah
787,uuuuuaaaaaaaaaappppppppppiiiiiiiiiiiiiiiiiikkkkkkkkkkkkkkkk,apik
788,kocakkkkkkkkkkkkkk,kocak
789,ksukaanmuuu,kesukaanmu
790,bagiii,bagi
791,ayooo,ayo
792,nontonx,menontonnya
793,dpn,depan
794,pi,tapi
795,penasarannnn,penasaran
796,gilakkkkkk,gila
797,mauuu,mau
798,nontoonnn,menonton
799,cepet2,cepat-cepat
800,kepingin,ingin
801,nontonnnn,menonton
802,deeek,dek
803,ntappp,mantap
804,deg2an,deg-degan
805,cyiiin,cinta
806,iyha,iya
807,kureeeen,keren
808,muantaap,mantap
809,pake,pakai
810,ngantri,mengantri
811,bli,beli
812,nraktir,mentraktir
813,nonton,menonton
814,sbnyak,sebanyak
815,penasaraaann,penasaran
816,ayoooo,ayo
817,nii,ini
818,nontonya,menontonnya
819,kl,kalau
820,nunggu,menunggu
821,dpt,dapat
822,qta,kita
823,peen,ingin
824,lw,lu
825,gga,enggak
826,yaah,ya
827,asikkk,asik
828,gilak,gila
829,mcm,macam
830,ceritax,ceritanya
831,yoooiii,yoi
832,kuy,yuk
833,udahh,sudah
834,tauuuuu,tau
835,sabarrrrr,sabar
836,kqmu,kamu
837,banggain,banggakan
838,thn,tahun
839,pengan,ingin
840,sendeng,senang
841,simpen,simpan
842,gakk,enggak
843,bagiin,bagikan
844,nanggepin,menanggapi
845,kapn,kapan
846,barang2,barang-barang
847,kirimin,mengirimi
848,senengin,senangi
849,ngasih,mengasih
850,ampunnnn,ampun
851,bln,bulan
852,senengg,senang
853,teruzzz,terus
854,mantabb,mantab
855,sumpahh,sumpah
856,diluarann,diluaran
857,trbaik,terbaik
858,dlam,dalam
859,anjirrrr,anjir
860,jendess,janda
861,dh,deh
862,sichh,sih
863,namnya,namanya
864,geh,gih
865,nggak,enggak
866,22nya,dua-duanya
867,aduuhhh,aduh
868,miripp,mirip
869,silauuu,silau
870,waww,wow
871,uga,juga
872,njiirr,anjir
873,bgs,bagus
874,kesinii,kesini
875,gemay,gemas
876,dstu,disitu
877,wiiiihhhh,wih
878,samoga,semoga
879,kereennn,keren
880,wahh,wah
881,nyangkaa,menyangka
882,hasilnyaaa,hasilnya
883,dahhhh,dah
884,mudah2,mudah-mudah
885,jugaakk,juga
886,prnh,pernah
887,diapa2in,diapa-apai
888,yaak,ya
889,lhoo,loh
890,donx,dong
891,gthu,begitu
892,nda,indak
893,maauuu,mau
894,pacarrr,pacar
895,idamann,idaman
896,naturalllll,natural
897,bnyak,banyak
898,berntung,beruntung
899,merka,mereka
900,jln2,jalan-jalan
901,romntis,romantis
902,slamat,selamat
903,ulan,ulang
904,th,tahun
905,mngkin,mungkin
906,klau,kalau
907,diksi,dikasih
908,sipp,sip
909,taun,tahun
910,jugak,juga
911,nungguin,menunggu
912,ngeluarin,mengeluarkan
913,keciill,kecil
914,ughaa,juga
915,"tante""",tante-tante
916,banged,banget
917,abeees,habis
918,kapan2,kapan-kapan
919,adain,mengadakan
920,bsa,bisa
921,bosen2,bosan-bosan
922,sempurnaaaaa,sempurna
923,kaan,kan
924,kece2,kece-kece
925,badaaiii,badai
926,beneraan,benaran
927,cantiiik,cantik
928,kuatttt,kuat
929,cantiiiiiiik,cantik
930,cantiknyaaa,cantiknya
931,bae2,baik-baik
932,bgd,banget
933,mb,mbak
934,catiiiiik,cantik
935,subahanallah,subhanallah
936,jaman2nya,jaman-jamannya
937,padet,padat
938,buktiin,buktikan
939,cantiq,cantik
940,"pasien""nya",pasien-pasiennya
941,lohh,loh
942,utk,untuk
943,keeeerrrreeeennnnnnnnn,keren
944,woow,wow
945,choker2,choker-choker
946,hadirrr,hadir
947,hadirr,hadir
948,jelashh,jelas
949,sekali2,sekali-kali
950,mbaaa,mbak
951,temen,teman
952,hidupppp,hidup
953,nyebelin,menyebalkan
954,diliatnya,dilihatnya
955,abis2,habis-habis
956,gpp,enggak apa-apa
957,para2,parah-parah
958,bangeeet,banget
959,allahhhhhhh,allah
960,gemesnya,gemasnya
961,ilang2,hilang-hilang
962,kmi,kami
963,ngilangin,menghilangkan
964,tbuh,tubuh
965,itungan,hitungan
966,ledekin,ledeki
967,tmn2,teman-teman
968,repot2,repot-repot
969,oles2,oles-oles
970,ckup,cukup
971,dptkan,dapatkan
972,artis2,artis-artis
973,kalii,kali
974,ninggiin,meninggikan
975,baget,banget
976,dri,dari
977,kira2,kira-kira
978,lgsg,langsung
979,ngk,enggak
980,ahh,ah
981,pas2an,pas-pasan
982,balesin,membalas
983,gausah,enggak usah
984,sukaaa,suka
985,lutuna,lucunya
986,ciapa,siapa
987,gemesss,gemas
988,duhh,duh
989,terharuuu,terharu
990,alamii,alami
991,sampek,sampai
992,ckrng,sekarang
993,ngegemesin,menggemaskan
994,imoet,imut
995,imut2,imut-imut
996,jagain,jaga
997,yahbh,ya
998,msih,masih
999,macem2,macam-macam
1000,neko2,neko-neko
1001,sktika,seketika
1002,lutu,lucu
1003,wowwww,wow
1004,massss,mas
1005,kesiniii,kesini
1006,"keren""",keren-keren
1007,"jalan""nya",jalan-jalannya
1008,masyaallahhh,masyaallah
1009,kerennn,keren
1010,ksni,kesini
1011,begok,bego
1012,bkan,bukan
1013,jgk,juga
1014,bawak,bawa
1015,it,itu
1016,nti,nanti
1017,pgi,pagi
1018,keeeeeren,keren
1019,baguusss,bagus
1020,mna,mana
1021,nahannnn,tahan
1022,bagaatt,banget
1023,gayannxa,gayanya
1024,kereeeen,keren
1025,uda,sudah
1026,ngekeh,kekeh
1027,xlian,kalian
1028,b3,bertiga
1029,ihhh,ih
1030,lcu,lucu
1031,pait,pahit
1032,koplakkk,koplak
1033,kerass,keras
1034,yachhh,ya
1035,gokil,gila
1036,ngelihat,melihat
1037,ngelawak,melawak
1038,iiihhhhh,ih
1039,nyolotinnnn,menyolot
1040,beratttttttt,berat
1041,cantiikkkk,cantik
1042,hijaabbb,hijab
1043,sekalii,sekali
1044,smnagatin,menyemangati
1045,pakek,pakai
1046,kanapa,kenapa
1047,cans,cantik
1048,banhet,banget
1049,bgttttttt,banget
1050,blng,bilang
1051,mngasi,mengasih
1052,kmbang,kembang
1053,pg,pagi
1054,nie,ini
1055,pla,pula
1056,kw,kau
1057,blakon,berlakon
1058,sy,saya
1059,nmpk,nampak
1060,bngtzt,banget
1061,lucukkkkk,lucu
1062,sbelah,sebelah
1063,baek,baik
1064,ciusss,serius
1065,palinf,paling
1066,fav,favorit
1067,maak,mak
1068,ngakaaaakkk,mengakak
1069,gokill,gila
1070,kocakkkkkk,kocak
1071,ngekek,mengekek
1072,capee,cape
1073,pegangin,memegang
1074,nyender,menyandar
1075,bener,benar
1076,manjain,memanjakan
1077,peleotin,meleot
1078,bng,bang
1079,termurahhhh,termurah
1080,nyatakan,menyatakan
1081,graaatiiiis,gratis
1082,meriahh,meriah
1083,cantikkkm,cantik
1084,parahh,parah
1085,bingits,banget
1086,yuppss,ya
1087,nyindir,menyindir
1088,onoh,sono
1089,bnyk,banyak
1090,anakny,anaknya
1091,staf2nya,staf-stafnya
1092,begete,banget
1093,aduhh,aduh
1094,manteppp,mantap
1095,hati2,hati-hati
1096,jangan2,jangan-jangan
1097,kata2nya,kata-katanya
1098,ynk,sayang
1099,"nangis""",menangis-nangis
1100,"hati""",hati-hati
1101,"jangan""",jangan-jangan
1102,emank,memang
1103,cr,cara
1104,diemin,diamkan
1105,hancurin,menghancurkan
1106,ckp,cukup
1107,mgkn,mungkin
1108,ato,atau
1109,diapain,diapakan
1110,ms,masih
1111,haragain,menghargai
1112,cb,coba
1113,nyakitin,menyakiti
1114,jgn2,jangan-jangan
1115,sbaiknya,sebaiknya
1116,mngerti,mengerti
1117,blajar,belajar
1118,fakta2,fakta-fakta
1119,spt,seperti
1120,mnding,mending
1121,nilai2,nilai-nilai
1122,buka2,buka-buka
1123,nyinyirin,nyinyir
1124,pdhl,padahal
1125,pd,pada
1126,nyerang,menyerang
1127,hrs,harus
1128,mrk,mereka
1129,trima,terima
1130,ngomomg,mengomong
1131,mang,memang
1132,kbetulan,kebetulan
1133,orgtuanya,orang tuanya
1134,sbelum,sebelum
1135,ngamatin,mengamati
1136,ngintip,mengintip
1137,stelah,setelah
1138,sndiri,sendiri
1139,ngintilin,mengintil
1140,smnjak,semenjak
1141,trbukti,terbukti
1142,nyambet,menyambat
1143,msk,masuk
1144,krmh,ke rumah
1145,rmh,rumah
1146,bo'ong,bohong
1147,eloo,lo
1148,apa2nya,apa-apanya
1149,goblokkk,goblok
1150,sesatt,sesat
1151,ibliss,iblis
1152,elo,lo
1153,kbiasaan,kebiasaan
1154,hdpnya,hidupnya
1155,lbh,lebih
1156,byk,banyak
1157,anknya,anaknya
1158,tdr,tidur
1159,sbuah,sebuah
1160,anak2nya,anak-anaknya
1161,tdnya,tadinya
1162,ank2nya,anak-anaknya
1163,milih,memilih
1164,branjak,beranjak
1165,ank2,anak-anak
1166,masyarakay,masyarakat
1167,mudah2an,mudah-mudahan
1168,menegerti,mengerti
1169,apa2,apa-apa
1170,sok2,sok-sok
1171,nasehatin,menasihati
1172,ngaca,mengaca
1173,ajah,saja
1174,kakkkk,kak
1175,slamet,selamat
1176,ampe,sampai
1177,nari,menari
1178,ehh,eh
1179,mf,maaf
1180,ngcpin,mengucapkan
1181,woowwww,wow
1182,iaa,ya
1183,kdg,kadang
1184,kebagi,terbagi
1185,nerusin,meneruskan
1186,indo,indonesia
1187,univ,universitas
1188,maen,main
1189,wihh,wih
1190,tetapppp,tetap
1191,gantenggg,ganteng
1192,jakety,jaketnya
1193,nggk,enggak
1194,skli,sekali
1195,kli,kali
1196,ttp,tetap
1197,pala,kepala
1198,pusingggg,pusing
1199,pucing,pusing
1200,ihhhh,ih
1201,maho,manusia homo
1202,gantng,ganteng
1203,alak,kepala
1204,hilangv,hilang
1205,bungggg,bung
1206,gapap,enggak apa-apa
1207,kyak,kayak
1208,pling,paling
1209,gokiiill,gila
1210,busedh,buset
1211,gokilnya,gilanya
1212,duluuu,dulu
1213,keceee,kece
1214,nyaa,nya
1215,klu,kalau
1216,gilaa,gila
1217,duuhhh,duh
1218,amiiiiinnnnn,amin
1219,dg,dengan
1220,tullus,tulus
1221,tw,tau
1222,pluk,peluk
1223,durhaka2,durhaka-durhaka
1224,kpada,kepada
1225,"seburuk""",seburuk-buruk
1226,ortu,orang tua
1227,ktaa,kita
1228,yup,ya
1229,tdk,tidak
1230,tetaplaah,tetaplah
1231,ajja,saja
1232,dech,deh
1233,oprasi,operasi
1234,gya,gaya
1235,kndung,kandung
1236,sbg,sebagai
1237,u,untuk
1238,ksenangan,kesenangan
1239,ddpt,didapat
1240,jwab,jawab
1241,mmbodohkan,membodohkan
1242,orlaen,orang lain
1243,bgtu,begitu
1244,drpd,daripada
1245,malem,malam
1246,aplikasiin,mengaplikasikan
1247,berangat,berangkat
1248,praktekin,mempraktikkan
1249,dahh,dah
1250,gmn,bagaimana
1251,omdo,omong doang
1252,kate,kata
1253,cabe2,cabe-cabe
1254,prjuangan,perjuangan
1255,kmewahan,kemewahan
1256,stimpal,setimpal
1257,ddpat,didapat
1258,sprt,seperti
1259,bc,baca
1260,mnilai,menilai
1261,kata2,kata-kata
1262,usahh,usah
1263,segala2nya,segala-galanya
1264,sekarng,sekarang
1265,sprti,seperti
1266,mkanya,makanya
1267,hay,hai
1268,mreka,mereka
1269,bhagia,bahagia
1270,korek2,korek-korek
1271,ngebales,membalas
1272,krna,karena
1273,sihh,sih
1274,sasama,sesama
1275,dehh,deh
1276,cabe2an,cabe-cabean
1277,terong2an,terong-terongan
1278,seklian,sekalian
1279,kluar,keluar
1280,tuuu,itu
1281,ngurusan,mengurusi
1282,campurin,mencampuri
1283,emnknya,memangnya
1284,py,punya
1285,unyuu,unyu
1286,mrangkul,merangkul
1287,adlh,adalah
1288,wlo,walau
1289,lh,lah
1290,manusiy,manusia
1291,tx,tak
1292,samara,sakinah mawadah rahman
1293,teringt,teringat
1294,trmsuk,termasuk
1295,dn,dan
1296,pilihnmu,pilihanmu
1297,swmntara,sementara
1298,trmasuk,termasuk
1299,orang2,orang-orang
1300,sgt,sangat
1301,liht,lihat
1302,suaminy,suaminya
1303,jadulnya,jaman dulunya
1304,mantaff,mantap
1305,ngata2in,mengata-ngatai
1306,bagaimna,bagaimana
1307,mulusssss,mulus
1308,bgus,bagus
1309,gmana,bagaimana
1310,kpleset,kepleset
1311,yawlah,ya allah
1312,kepeleset,kepleset
1313,kayanye,kayanya
1314,amiinnnn,amin
1315,komen2an,komen-komenan
1316,wewww,wow
1317,dumsss,dong
1318,tar,entar
1319,perbaikin,memperbaiki
1320,permasalhkan,permasalahkan
1321,betul2,betul-betul
1322,jauhin,jauhi
1323,dateng,datang
1324,adiik,adik
1325,manisss,manis
1326,"besar""",besar-besar
1327,"masing""",masing-masing
1328,ddlm,di dalam
1329,kmbali,kembali
1330,dkuburnya,dikuburnya
1331,fi,di
1332,ttg,tentang
1333,rata2,rata-rata
1334,lbih,lebih
1335,critamu,ceritamu
1336,ja,saja
1337,bres,beres
1338,cmkn,camkan
1339,diurusin,diurusi
1340,biarin,biarkan
1341,kale,kali
1342,donks,dong
1343,"membanding""",membanding-banding
1344,mengperbolehkan,memperbolehkan
1345,krena,karena
1346,ngri,negeri
1347,"dingin""",dingin-dingin
1348,lma,lama
1349,dibangga'in,dibangga-banggakan
1350,ngebolehin,membolehkan
1351,denger,dengar
1352,"jelek""in",menjelek-jelekkan
1353,stiap,setiap
1354,gausa,enggak usah
1355,maksain,memaksakan
1356,smog,semoga
1357,mnerima,menerima
1358,baikxa,baiknya
1359,aaamin,amin
1360,amienn,amien
1361,sekangen2,sekangen-kangen
1362,kt,kita
1363,amiiiiiiiiiinnnnnnn,amin
1364,nolongin,menolong
1365,amiiiiiiiiiiin,amin
1366,seluru,seluruh
1367,amiennn,amien
1368,tebir,ribet
1369,doangam,doang
1370,"tebir""",ribet-ribet
1371,amad,amat
1372,mkst,maksud
1373,wong2,wong-wong
1374,rempong,repot
1375,ngurusin,mengurusi
1376,kerjaan,pekerjaan
1377,bingittzz,banget
1378,bangets,banget
1379,ikh,ih
1380,dwh,deh
1381,nengok,menengok
1382,bante,bantai
1383,la,lah
1384,komenannya,komentarnya
1385,hadapin,menghadapi
1386,dengarin,mendengarkan
1387,ush,usah
1388,cock,cocok
1389,widihh,waduh
1390,mantepp,mantap
1391,cita2,cita-cita
1392,temen-temen,teman-teman
1393,stu,satu
1394,syratnya,syaratnya
1395,pnjang,panjang
1396,shat,sehat
1397,inginkn,inginkan
1398,belanjaa,belanja
1399,burem,buram
1400,tlp,telepon
1401,dngan,dengan
1402,ngerasain,merasai
1403,kancang,kencang
1404,tmbh,tambah
1405,mansyoallah,masyaallah
1406,skali,sekali
1407,canttttikkk,cantik
1408,subhanalloh,subhanallah
1409,lkuin,lakukan
1410,langgenh,langgeng
1411,foto2nya,foto-fotonya
1412,tanggung2,tanggung-tanggung
1413,salluutt,salut
1414,pkai,pakai
1415,org2,orang-orang
1416,mkn,makin
1417,seneng,senang
1418,pdng,padang
1419,warbiyasah,luar biasa
1420,pk,pakai
1421,keedaannya,keadaannya
1422,lagu2,lagu-lagu
1423,saya2,saya-saya
1424,sekrng,sekarang
1425,lagu2nya,lagu-lagunya
1426,ttap,tetap
1427,spertinya,sepertinya
1428,mrah,marah
1429,gra2,gara-gara
1430,sngaja,sengaja
1431,jlek,jelek
1432,udah2,sudah-sudah
1433,ungkit2,ungkit-ungkit
1434,pura2,pura-pura
1435,gatau,enggak tau
1436,curhat2,curhat-curhat
1437,matany,matanya
1438,dteng,datang
1439,mata'y,matanya
1440,baju2,baju-baju
1441,buruannn,buruan
1442,emng,memang
1443,perubut,perebut
1444,sumai,suami
1445,tk,tak
1446,urusin,mengurusi
1447,apah,apa
1448,bagus2,bagus-bagus
1449,say,sayang
1450,mmbela,membela
1451,mslhnya,masalahnya
1452,hnya,hanya
1453,sndri,sendiri
1454,sj,saja
1455,llki,lelaki
1456,dluar,diluar
1457,sna,sana
1458,boleh2,boleh-boleh
1459,dya,dia
1460,maluuuu,malu
1461,beda2,beda-beda
1462,nyaranin,menyarankan
1463,x,kali
1464,tongolin,menongol
1465,cabol,cabul
1466,ape,apa
1467,nyet,monyet
1468,muna,munafik
1469,jing,anjing
1470,tot,entot
1471,nihh,nih
1472,hidiyah,hidayah
1473,percya,percaya
1474,bgi,bagi
1475,tlg,tolong
1476,sya,saya
1477,sdri,sendiri
1478,tdi,tadi
1479,mgkin,mungkin
1480,bhwa,bahwa
1481,skaligus,sekaligus
1482,cek2,cek-cek
1483,spti,seperti
1484,smakin,semakin
1485,sbgai,sebagai
1486,mgk,mungkin
1487,bgmn,bagaimana
1488,sapa2,sapa-sapa
1489,sama2,sama-sama
1490,kyknya,kayaknya
1491,pnya,punya
1492,dng,dengan
1493,termurahhh,termurah
1494,bbrp,beberapa
1495,bhw,bahwa
1496,banyaaaaaak,banyak
1497,baik2nya,baik-baiknya
1498,tunjukan,tunjukkan
1499,anak2mu,anak-anakmu
1500,anak2,anak-anak
1501,ngasih2,mengasih-ngasih
1502,berfikir,berpikir
1503,amit2,amit-amit
1504,mba,mbak
1505,elu,lu
1506,ngajuin,mengajukan
1507,tiba2,tiba-tiba
1508,jkt,jakarta
1509,terbaeq,terbaik
1510,namany,namanya
1511,jels,jelas
1512,diakibtkn,diakibatkan
1513,suk,suka
1514,jelek2,jelek-jelek
1515,dsrny,dasarnya
1516,jkrta,jakarta
1517,mantaap,mantap
1518,benar2,benar-benar
1519,main2,main-main
1520,lanjutkaaaaan,lanjutkan
1521,hiduppp,hidup
1522,ncek,encek
1523,majuuu,maju
1524,teruuss,terus
1525,kdg2,kadang-kadang
1526,looohh,loh
1527,sebelumbya,sebelumnya
1528,tunjukin,tunjukkan
1529,"tahun""",tahun-tahun
1530,koment,komentar
1531,nyampein,menyampaikan
1532,hokiii,hoki
1533,naksir,menaksir
1534,"bangt""",banget-banget
1535,nafkahin,menafkahi
1536,ngitem,menghitam
1537,banyaaaak,banyak
1538,"sama""",sama-sama
1539,gx,enggak
1540,lhat,lihat
1541,cantika,cantik
1542,cwek,cewek
1543,kngen,kangen
1544,fillm,film
1545,sinet,sinetron
1546,jendral,jenderal
1547,nanya,tanya
1548,maenya,mainnya
1549,cantiks,cantik
1550,wktu,waktu
1551,pilm,film
1552,taon,tahun
1553,nd,indak
1554,slah,salah
1555,cini,sini
1556,jaaangan,jangan
1557,nambah,bertambah
1558,naek,naik
1559,terimaksih,terima kasih
1560,inii,ini
1561,kaannnn,kan
1562,tidakkkk,tidak
1563,kemuh,kamu
1564,da,sudah
1565,keren2,keren-keren
1566,sby,surabaya
1567,tgl,tanggal
1568,pinginnn,ingin
1569,buanget,banget
1570,ketemuuu,ketemu
1571,kebawa,terbawa
1572,mimpiii,mimpi
1573,wanjerrr,anjir
1574,satupunn,satupun
1575,motret,memotret
1576,temen2,teman-teman
1577,lapakk,lapak
1578,nyeniii,menyeni
1579,bget,banget
1580,seeh,sih
1581,abis,habis
1582,deuhh,duh
1583,b2an,berduaan
1584,dihargain,dihargai
1585,"engga""",enggak-enggak
1586,tahun2,tahun-tahun
1587,lebayy,lebay
1588,gilsss,gila
1589,nganbek,mengambek
1590,sukaa,suka
1591,enk,enak
1592,mendam,memendam
1593,manta,mantan
1594,relaaaa,rela
1595,bgun,bangun
1596,tdur,tidur
1597,cntk,cantik
1598,knl,kenal
1599,anugrah,anugerah
1600,slm,salam
1601,kliatan,kelihatan
1602,awoohhh,allah
1603,cantiikk,cantik
1604,gt,begitu
1605,sbbyak,sebanyak
1606,apun,apapun
1607,nyangkutnya,menyangkutnya
1608,untk,untuk
1609,ampunnnnn,ampun
1610,hy,hai
1611,wadaaw,waduh
1612,paraah,parah
1613,sampw,sampai
1614,dijelekin,dijelekkan
1615,napa,kenapa
1616,azeeeek,asik
1617,ntikk,cantik
1618,uhh,uh
1619,mayan,lumayan
1620,mnisss,manis
1621,tambahim,tambahkan
1622,tambahin,tambahkan
1623,"bener""",benar-benar
1624,make,memakai
1625,canttikkk,cantik
1626,baanggeettt,banget
1627,ap,apa
1628,siiihh,sih
1629,krpoooo,kepo
1630,pengn,ingin
1631,nyusul,menyusul
1632,nyok,yuk
1633,dekkk,dek
1634,ngiri,mengiri
1635,mmang,memang
1636,nentuin,menentukan
1637,mnjmput,menjemput
1638,ygs,sayang
1639,mblooo,jomblo
1640,ber'expresi,berekspresi
1641,jdulnya,judulnya
1642,ciumman,ciuman
1643,aurot,aurat
1644,laginy,laginya
1645,nyaaaaaaaaaaaaa,nya
1646,alkhamdulilah,alhamdulillah
1647,ktnya,katanya
1648,selaluu,selalu
1649,anjirrr,anjir
1650,ngeh,engah
1651,amen,amin
1652,qm,kamu
1653,nahhh,nah
1654,ngmngnya,mengomongnya
1655,sampai2,sampai-sampai
1656,hal2,hal-hal
1657,komunitas2,komunitas-komunitas
1658,fotony,fotonya
1659,halllo,halo
1660,ngiritya,mengiritnya
1661,hematt,hemat
1662,ciyeeee,cie
1663,yeeee,ya
1664,nget,banget
1665,kususnya,khususnya
1666,krm,kirim
1667,sam,sama
1668,ajaaahhhhh,saja
1669,syediiihhh,sedih
1670,malangg,malang
1671,belooomm,belum
1672,yaakk,ya
1673,kebukti,terbukti
1674,anak2e,anak-anaknya
1675,tuwanya,tuanya
1676,comen2nya,komen-komennya
1677,pedesssss,pedas
1678,jelas2,jelas-jelas
1679,skg,sekarang
1680,nyebut2,menyebut-nyebut
1681,plg,pulang
1682,smbil,sambil
1683,hellooooooo,halo
1684,ngrebut,merebut
1685,mnjdi,menjadi
1686,taek,tahi
1687,lupain,melupakan
1688,bangkret,bangkrut
1689,taekk,tahi
1690,lahhhhhh,lah
1691,kedokk,kedok
1692,"mati""an",mati-matian
1693,nyimak,menyimak
1694,komenx,komennya
1695,serem2,seram-seram
1696,"ngumpet""",mengumpet-ngumpet
1697,blim,belum
1698,sekrang,sekarang
1699,ngerebut,merebut
1700,mnjijikaaaaaan,menjijikkan
1701,astgfrlh,astagfirullah
1702,sahabatt,sahabat
1703,gnyngka,enggak menyangka
1704,sendirir,sendiri
1705,brengsekk,brengsek
1706,ngomentnya,mengomentarinya
1707,nusuk,menusuk
1708,skr,sekarang
1709,dpotong,dipotong
1710,helo,halo
1711,kmrin,kemarin
1712,ngmgin,mengomongkan
1713,bilangg,bilang
1714,gkhianati,mengkhianati
1715,kpd,kepada
1716,hr,hari
1717,sp,siapa
1718,pljaran,pelajaran
1719,spy,supaya
1720,mngikuti,mengikuti
1721,klkuan,kelakuan
1722,dibikin2,dibikin-bikin
1723,gimana,bagaimana
1724,nnt,nanti
1725,cew,cewek
1726,cow,cowok
1727,kasiannn,kasihan
1728,syekaliii,sekali
1729,hgga,hingga
1730,cieeeee,cie
1731,sholihah,salihah
1732,adeuh,aduh
1733,halahh,alah
1734,luu,lu
1735,yuuks,yuk
1736,yoo,ayo
1737,ginian,beginian
1738,judulnyaa,judulnya
1739,ayoookkkkkk,ayo
1740,artix,artinya
1741,cewe,cewek
1742,cowo,cowok
1743,lt,lantai
1744,"nama""",nama-nama
1745,cwe,cewek
1746,serem,seram
1747,kepoin,mengepoi
1748,keluarin,mengeluarkan
1749,gajelas,enggak jelas
1750,mbak2,mbak-mbak
1751,pedes,pedas
1752,komentnya,komentarnya
1753,omongin,mengomongkan
1754,ngalirrrrr,mengalir
1755,idup,hidup
1756,nmbah,bertambah
1757,terossss,terus
1758,ngehujat,menghujat
1759,dosaa,dosa
1760,ngebela,membela
1761,seindonesiyah,seindonesia
1762,seh,sih
1763,senyumin,senyumi
1764,mh,mah
1765,ngalir,mengalir
1766,ngrusak,merusak
1767,px,punya
1768,kslhn,kesalahan
1769,skrngnya,sekarangnya
1770,emang,memang
1771,kalik,kali
1772,bilangin,bilang
1773,nyambungin,menyambung
1774,sllu,selalu
1775,scra,secara
1776,nggali,menggali
1777,cmpur,campur
1778,dgr,dengar
1779,kurng,kurang
1780,nangiiiiis,menangis
1781,nangiiis,menangis
1782,ngomentarin,mengomentari
1783,idupnya,hidupnya
1784,ortunya,orang tuanya
1785,woey,woy
1786,bloghhh,goblok
1787,ngomongin,mengomongkan
1788,doank,doang
1789,"abal""",abal-abal
1790,dikata2in,dikata-katai
1791,ngehina,menghina
1792,gmna,bagaimana
1793,kebanggan,kebanggaan
1794,dah,deh
1795,jngn,jangan
1796,mnjawab,menjawab
1797,woooiiiiiiii,woy
1798,dosaaaaaaaaaa,dosa
1799,ingt,ingat
1800,karmaaa,karma
1801,woooiiiii,woy
1802,ngkkkkkk,mengakak
1803,makny,maknya
1804,wdooohhh,waduh
1805,kasihn,kasihan
1806,lhirr,lahir
1807,hujatann,hujatan
1808,palgi,apalagi
1809,wihhh,wih
1810,kakakkk,kakak
1811,bagusss,bagus
1812,jt,juta
1813,ngets,banget
1814,stp,setiap
1815,penbelian,pembelian
1816,cuaantik,cantik
1817,sukakkk,suka
1818,m,sama
1819,cucokkk,cocok
1820,lyt,lihat
1821,expresi,ekspresi
1822,natap,menatap
1823,ccok,cocok
1824,helloo,halo
1825,dripada,daripada
1826,difotoin,difoto
1827,psangan,pasangan
1828,cakepp,cakep
1829,ngiriii,mengiri
1830,coxok,cocok
1831,buatin,buatkan
1832,nihhh,nih
1833,statusx,statusnya
1834,cem,macam
1835,yee,ya
1836,sunggu,sungguh
1837,lagiii,lagi
1838,ammiiin,amin
1839,haddeh,aduh
1840,maaasss,mas
1841,segerrrr,segar
1842,kemn,kemana
1843,suipit,sipit
1844,sipiit,sipit
1845,kedengeran,kedengaran
1846,semangaatt,semangat
1847,promil,program hamil
1848,lancr,lancar
1849,keputihn,keputihan
1850,gratisss,gratis
1851,kebayang,terbayang
1852,"mdh""",mudah-mudah
1853,bz,bisa
1854,amiinn,amin
1855,ammin,amin
1856,mendapatkn,mendapatkan
1857,lucuuuk,lucu
1858,amaattt,amat
1859,aje,saja
1860,yaoloh,yaallah
1861,ngerayain,merayakan
1862,sotoy,sok tau
1863,yok,yuk
1864,d.bikinin,dibikin
1865,mmz,mas
1866,bikinin,bikin
1867,bapeeeer,bawa perasaan
1868,keliatannya,kelihatannya
1869,siih,sih
1870,diginiin,dibeginikan
1871,hadeehh,aduh
1872,pu,punya
1873,suamiiiii,suami
1874,krenn,keren
1875,kebykan,kebanyakan
1876,tingal,tinggal
1877,pernikahn,pernikahan
1878,ngtain,mengatai
1879,macem,macam
1880,bagusnyeee,bagusnya
1881,kemaren,kemarin
1882,hmpir,hampir
1883,liatnyaaa,lihatnya
1884,waw,wow
1885,mbuh,embuh
1886,bsk,besok
1887,waaa,wah
1888,berbiiiiiihhh,barbie
1889,canteek,cantik
1890,teru,terus
1891,nyatok,mencatok
1892,nyampenya,sampainya
1893,goncengin,boncengkan
1894,kasi,kasih
1895,dianterin,diantar
1896,gebleg,geblek
1897,bosen,bosan
1898,anterin,antar
1899,ngantar,mengantar
1900,nganterin,mengantarkan
1901,mz,mas
1902,nerima,menerima
1903,ati2,hati-hati
1904,yeuh,ya
1905,kmn,kemana
1906,dianter,diantar
1907,disupirin,disopiri
1908,jidad,jidat
1909,ciee,cie
1910,novembr,november
1911,hri,hari
1912,bedain,membedakan
1913,genduut,gendut
1914,ehhh,eh
1915,bertatto,bertato
1916,brrt,berarti
1917,kana,kanan
1918,dtg,datang
1919,doong,dong
1920,sblah,sebelah
1921,tauuu,tau
1922,tengaj,tengah
1923,ps,pas
1924,gmpg,gampang
1925,engk,enggak
1926,apal,hapal
1927,dak,indak
1928,rupa2nya,rupa-rupanya
1929,kembaq,kembar
1930,tngh,tengah
1931,mknya,makanya
1932,prmpuan,perempuan
1933,ketuker,tertukar
1934,drimnanya,darimananya
1935,cntikan,cantikan
1936,edaaaan,edan
1937,syp,siapa
1938,bcnda,bercanda
1939,uhhh,uh
1940,bazengg,bajingan
1941,haiii,hai
1942,bosaan,bosan
1943,gitu2,begitu-gitu
1944,kmana2,kemana-mana
1945,hrsnya,harusnya
1946,sdg,sedang
1947,komentar2,komentar-komentar
1948,kenyataan2,kenyataan-kenyataan
1949,silahkan,silakan
1950,lwt,lewat
1951,sukur2,sukur-sukur
1952,baek2,baik-baik
1953,cma,cuma
1954,berbeda2,berbeda-beda
1955,dibkatakan,dikatakan
1956,doonk,dong
1957,pengikuy,pengikut
1958,ngmngin,mengomongkan
1959,sblmnya,sebelumnya
1960,maksd,maksud
1961,adkah,adakah
1962,menbelah,membelah
1963,ayuk,ayo
1964,mngira,mengira
1965,bertolernsi,bertoleransi
1966,slahkan,salahkan
1967,tolernsi,toleransi
1968,sbnarnya,sebenarnya
1969,ingi,ingin
1970,oalaaaa,walah
1971,menjelekan,menjelekkan
1972,hadeuuh,aduh
1973,dikemanain,dikemanakan
1974,aneh2,aneh-aneh
1975,bpknya,bapaknya
1976,baca2,baca-baca
1977,jwb,jawab
1978,komen2,komen-komen
1979,sebelum2nya,sebelum-sebelumnya
1980,sbagai,sebagai
1981,sedihh,sedih
1982,kangennnn,kangen
1983,gndakan,gandakan
1984,kangeeeeeeeenya,kangen
1985,gaa,enggak
1986,ganti'kn,menggantikan
1987,tnang,tenang
1988,amiiiiiiiiiiiiiiiiin,amin
1989,kgeeeen,kangen
1990,kangeenn,kangen
1991,bangeeeet,banget
1992,bsok,besok
1993,hbis,habis
1994,mti,mati
1995,bngetttt,banget
1996,kangeen,kangen
1997,bgect,banget
1998,"kebaikan""y",kebaikannya
1999,dssi,disisi
2000,kngenn,kangen
2001,kangeeeeennn,kangen
2002,lagii,lagi
2003,dasyat,dahsyat
2004,aer,air
2005,bgni,begini
2006,skalii,sekali
2007,gg,enggak
2008,dtinggl,ditinggal
2009,terbaiiikkkkk,terbaik
2010,murahhh,murah
2011,pecahhg,pecah
2012,kakakgh,kakak
2013,terbaeeeek,terbaik
2014,prempuan,perempuan
2015,manteep,mantap
2016,nggeh,engah
2017,indonesiaaa,indonesia
2018,inia,ini
2019,maluu,malu
2020,cobaaaa,coba
2021,dehhh,deh
2022,cepetan,cepatan
2023,ntapsss,mantap
2024,kamiiii,kami
2025,smangat,semangat
2026,qmu,kamu
2027,sdkit2,sedikit-sedikit
2028,tntg,tentang
2029,penyakitny,penyakitnya
2030,ngajarin,mengajari
2031,laenny,lainnya
2032,amiinnn,amin
2033,scpatny,secepatnya
2034,sampein,sampaikan
2035,tuany,tuanya
2036,doa2,doa-doa
2037,pjg,panjang
2038,adeeek,adek
2039,bca,baca
2040,netes,menetes
2041,mataq,mataku
2042,byangin,membayangkan
2043,trjadi,terjadi
2044,dposisi,diposisi
2045,tanda2nya,tanda-tandanya
2046,dijwb,dijawab
2047,tmn2nya,teman-temannya
2048,sayy,sayang
2049,salaam,salam
2050,ngajar,mengajar
2051,fto2,foto-foto
2052,laen,lain
2053,dallam,dalam
2054,tentanh,tentang
2055,nangiss,menangis
2056,nnton,menonton
2057,kejadianny,kejadiannya
2058,klg,keluarga
2059,sayaang,sayang
2060,msg2,masing-masing
2061,pgnnya,pengennya
2062,meluk,memeluk
2063,siiihhh,sih
2064,mupeng,muka pengin
2065,caya,percaya
2066,aduhhhhhhhhh,aduh
2067,buseett,buset
2068,mblo,jomblo
2069,lucuuu,lucu
2070,gagahx,gagahnya
2071,miriiiip,mirip
2072,kaliiii,kali
2073,niru,meniru
2074,bpkmu,bapakmu
2075,sangt,sangat
2076,baang,bang
2077,gasih,enggak sih
2078,yuu,yuk
2079,yuuu,yuk
2080,samaa,sama
2081,ngademin,mengademkan
2082,aahh,ah
2083,makasi,terima kasih
2084,looo,loh
2085,yokk,yuk
2086,gils,gila
2087,ono,sono
2088,weeeh,wih
2089,suksea,sukses
2090,temenan,berteman
2091,sehh,sih
2092,deket,dekat
2093,dekt,dekat
2094,genggg,geng
2095,yawloh,ya allah
2096,bhnya,bahannya
2097,loo,loh
2098,samaaaa,sama
2099,abanggku,abangku
2100,sayanggg,sayang
2101,dsni,disini
2102,ciieeeeeee,cie
2103,kokohh,engkoh
2104,pdhal,padahal
2105,takuttt,takut
2106,yuks,yuk
2107,pnjual,penjual
2108,yh,ya
2109,dung,dong
2110,latian,latihan
2111,aaaaaaakkk,ah
2112,mauuuu,mau
2113,soga,moga
2114,tteh,teteh
2115,sintron,sinetron
2116,astagaa,astaga
2117,ancurrr,hancur
2118,dblkang,dibelakang
2119,yayang,sayang
2120,gokillllll,gila
2121,aplks,aplikasi
2122,ska,suka
2123,ktawa,ketawa
2124,baguuus,bagus
2125,kaaan,kan
2126,ngepoin,mengepoi
2127,uuhh,uh
2128,beut,banget
2129,njirrr,anjir
2130,pengeeenn,ingin
2131,dongggg,dong
2132,hatii,hati
2133,besook,besok
2134,mauu,mau
2135,gtuu,begitu
2136,njayyy,anjay
2137,maacih,terima kasih
2138,tokayyy,tahi
2139,to,tapi
2140,mksdku,maksudku
2141,gituin,begitukan
2142,lgsung,langsung
2143,cba,coba
2144,nh,nih
2145,"ilang""",hilang-hilang
2146,giniin,beginikan
2147,ksini,kesini
2148,kubarikan,kuberikan
2149,ayank,sayang
2150,anyeng,anjing
2151,yankkk,sayang
2152,cukurrr,cukur
2153,gilaaaaaa,gila
2154,yhaaa,ya
2155,qaqaaaa,kakak
2156,sayangkuuuuu,sayangku
2157,kakakuuu,kakakku
2158,banx,bang
2159,edannn,edan
2160,bape,bawa perasaan
2161,"artis""",artis-artis
2162,ngelahirin,melahirkan
2163,paksain,memaksa
2164,biasaa,biasa
2165,hub,hubungi
2166,hubunggi,hubungi
2167,loooh,loh
2168,telimakacih,terima kasih
2169,nerawang,menerawang
2170,cantiiiik,cantik
2171,didapet,didapat
2172,tanya2,tanya-tanya
2173,pede,percaya diri
2174,kuningggg,kuning
2175,nyolot,menyolot
2176,elahh,alah
2177,pnting,penting
2178,bela2in,membela-bela
2179,marah2an,marah-marahan
2180,wlaupun,walaupun
2181,syantiiiiikkkkkkkkkkkk,cantik
2182,"bwa""",bawa-bawa
2183,agma,agama
2184,hijabb,hijab
2185,kerrennn,keren
2186,ngetik,mengetik
2187,ntah,entah
2188,pan,kapan
2189,mateeeek,mati
2190,geetoo,begitu
2191,sewain,menyewa
2192,kokkk,kok
2193,muluuu,melulu
2194,yaaang,yang
2195,iyaa,iya
2196,gituu,begitu
2197,yappp,ya
2198,uwahhhhh,wah
2199,bnr2,benar-benar
2200,psgn,pasangan
2201,ujg,ujung
2202,rmbut,rambut
2203,smp,sampai
2204,kki,kaki
2205,hayukk,hayo
2206,ntab,mantab
2207,atuhhh,atuh
2208,yukss,yuk
2209,lihaatttt,lihat
2210,niiiihh,nih
2211,liattt,lihat
2212,cuyyy,cuy
2213,gapernah,enggak pernah
2214,liatiii,lihat
2215,jombsss,jomblo
2216,emesshhh,gemas
2217,gemeessss,gemas
2218,poollll,pol
2219,gemesyak,gemas ya
2220,bngttt,banget
2221,ngegmesin,menggemaskan
2222,hndak,hendak
2223,hndk,hendak
2224,iiih,ih
2225,lutunaa,lucunya
2226,abiz,habis
2227,gemes,gemas
2228,ngareppppp,mengharap
2229,aamiinin,amin
2230,imuutt,imut
2231,abizzz,habis
2232,tay,tahi
2233,toketnya,teteknya
2234,tumpe2,tumpah-tumpah
2235,lenje,lenjeh
2236,tuuuuh,tuh
2237,cantinya,cantiknya
2238,macam2,macam-macam
2239,"mbak""",mbak-mbak
2240,ngatain,mengatai
2241,mbaknyaahh,mbaknya
2242,pyudara,payudara
2243,ditutupin,ditutupi
2244,bgitu,begitu
2245,ngomongnya,mengomongnya
2246,sich,sih
2247,cantiik2,cantik-cantik
2248,hati.a,hatinya
2249,mk.a,makanya
2250,mlt.a,mulutnya
2251,nyerocooooos,mencerocos
2252,kyk.a,kayaknya
2253,sklh,sekolah
2254,pljrn,pelajaran
2255,srng,sering
2256,ngilang,menghilang
2257,dikatain,dikatai
2258,maluuu,malu
2259,ngalahin,mengalahkan
2260,brisi,berisi
2261,pkoknya,pokoknya
2262,canti,cantik
2263,astagfirullh,astagfirullah
2264,nutupin,menutupi
2265,ori,orisinal
2266,kakakaaaaaaaaaaaaaa,kakak
2267,cantikkkkkkkk,cantik
2268,batwc,banget
2269,kamyuhhh,kamu
2270,dbwh,dibawah
2271,bukti2,bukti-bukti
2272,senenggg,senang
2273,mao,mau
2274,murhan,murahan
2275,prwtn,perawatan
2276,wjh,wajah
2277,bgettt,banget
2278,mereka2,mereka-mereka
2279,pakke,pakai
2280,dipake,dipakai
2281,ktergantungan,ketergantungan
2282,prwatn,perawatan
2283,ngebuktiin,membuktikan
2284,hslnya,hasilnya
2285,awal2,awal-awal
2286,setabil,stabil
2287,maksih,terima kasih
2288,gratiss,gratis
2289,bbrpa,beberapa
2290,"gara""",gara-gara
2291,"benar""",benar-benar
2292,ajaibb,ajaib
2293,pokonya,pokoknya
2294,setujuuu,setuju
2295,digituin,dibegitukan
2296,sekolahin,sekolahkan
2297,ajarin,ajarkan
2298,sendirii,sendiri
2299,mrnghadapi,menghadapi
2300,apalg,apalagi
2301,naka,nakal
2302,sdkt,sedikit
2303,besar2in,besar-besarkan
2304,bgmana,bagaimana
2305,s*inetr*n,sinetron
2306,mrusak,merusak
2307,mndpt,mendapat
2308,skt,sakit
2309,sebnyak,sebanyak
2310,terburu2,terburu-buru
2311,baik2,baik-baik
2312,ngumpat2,mengumpat-ngumpat
2313,nantangin,menantang
2314,ngegampar,menggampar
2315,ngelaporin,melaporkan
2316,salahin,salahkan
2317,gabisa,enggak bisa
2318,konsekwensi,konsekuensi
2319,muliany,mulianya
2320,mungki,mungkin
2321,lngsung,langsung
2322,tsb,tersebut
2323,t4,tempat
2324,bacahalah,bacalah
2325,dikerasin,dikerasi
2326,gkkan,enggak akan
2327,ngulangin,mengulangi
2328,bedaa,beda
2329,pnyaa,punya
2330,bol3h,boleh
2331,ngadu,mengadu
2332,ketauan,ketahuan
2333,dimarahin,dimarahi
2334,nyelesain,menyelesaikan
2335,troma,trauma
2336,kerasin,kerasi
2337,kamu2,kamu-kamu
2338,cewer,jewer
2339,bilanh,bilang
2340,jwban,jawaban
2341,nuduh,menuduh
2342,ngatur,mengatur
2343,rajin2,rajin-rajin
2344,bacaaaa,baca
2345,kekk,kayak
2346,jungkiir,jungkir
2347,gunaa,guna
2348,bales2in,balas-membalas
2349,orangg,orang
2350,tauuuu,tau
2351,byak,banyak
2352,kepad,kepada
2353,bantuanny,bantuannya
2354,ttinggi,tinggi
2355,perna,pernah
2356,grgr,gara-gara
2357,jari2,jari-jari
2358,pukulin,pukuli
2359,bengkak2,bengkak-bengkak
2360,komentarin,komentari
2361,bijak2,bijak-bijak
2362,lama2,lama-lama
2363,menurur,menurut
2364,tipe2,tipe-tipe
2365,diliat,dilihat
2366,liatlah,lihatlah
2367,teguran2,teguran-teguran
2368,gr2,gara-gara
2369,gamau,enggak mau
2370,skolah,sekolah
2371,pdahal,padahal
2372,klas,kelas
2373,tkut,takut
2374,grunya,gurunya
2375,pndah,pindah
2376,liat2,lihat-lihat
2377,masukin,memasukkan
2378,dilindungin,dilindungi
2379,kasiaannn,kasihan
2380,miring2,miring-miring
2381,tinggalin,tinggalkan
2382,kaitannha,kaitannya
2383,sud,sudah
2384,pinter,pintar
2385,rana,ranah
2386,thdp,terhadap
2387,scr,secara
2388,bhkn,bahkan
2389,justeru,justru
2390,ngatai,mengatai
2391,kln,kalian
2392,sukak,suka
2393,termuraaahhhh,termurah
2394,brkunjun,berkunjung
2395,suarranya,suaranya
2396,"bner""",benar-benar
2397,iu,itu
2398,bgussss,bagus
2399,kmaren,kemarin
2400,ambilin,mengambil
2401,biasaaaa,biasa
2402,luuuaar,luar
2403,redho,ridho
2404,rezki,rezeki
2405,kepd,kepada
2406,luaarrr,luar
2407,biasaaa,biasa
2408,jadilh,jadilah
2409,bnr,benar
2410,terhaaru,terharu
2411,orrunya,orang tuanya
2412,flm,film
2413,kalok,kalo
2414,adek2,adek-adek
2415,loncatt,loncat
2416,hampasss,hempas
2417,tehh,teh
2418,bunga2,bunga-bunga
2419,apaaan,apaan
2420,ampuuunn,ampun
2421,daaah,dah
2422,bangetttttt,banget
2423,ituh,itu
2424,cantiiikk,cantik
2425,suaranyaaaaaa,suaranya
2426,idoolaaa,idola
2427,pulaa,pula
2428,penyanyi2,penyanyi-penyanyi
2429,wiih,wih
2430,apaa,apa
2431,miriip,mirip
2432,allaahh,allah
2433,ajahhh,saja
2434,trims,terima kasih
2435,dehat,sehat
2436,salammmm,salam
2437,hari2,hari-hari
2438,sihat,sehat
2439,buruann,buruan
2440,rekomendain,rekomendasikan
2441,trussss,terus
2442,bangt,banget
2443,cepet,cepat
2444,pesen,pesan
2445,boong,bohong
2446,prawatan,perawatan
2447,mkin,makin
2448,dimao,dimau
2449,dijadiin,dijadikan
2450,silahkn,silakan
2451,kasiatnya,khasiatnya
2452,"minyak""an",minyak-minyakan
2453,suksess,sukses
2454,prodak,produk
2455,trasa,terasa
2456,minpi,mimpi
2457,bner2,benar-benar
2458,mutihin,memutihkan
2459,smster,semester
2460,kmren,kemarin
2461,ucull,lucu
2462,"ngomong""",ngomong-ngomong
2463,udehh,sudah
2464,syngnya,sayangnya
2465,dipermainin,dipermainkan
2466,kocakkk,kocak
2467,dasarrr,dasar
2468,waaaaw,wow
2469,cannnnntikkkkkkk,cantik
2470,mukax,mukanya
2471,cantikx,cantiknya
2472,fatanik,fanatik
2473,protestin,protestan
2474,kakau,kalau
2475,marh,marah
2476,emngnya,memangnya
2477,cantiknyaa,cantiknya
2478,darpada,daripada
2479,cooooooocok,cocok
2480,pkk,pakai
2481,sling,saling
2482,agama'ny,agamanya
2483,bilng,bilang
2484,prcy,percaya
2485,lurusin,meluruskan
2486,biri,biru
2487,luco,lucu
2488,ultha,ultah
2489,batikk,batik
2490,arab2,arab-arab
2491,luchu,lucu
2492,baguss,bagus
2493,sedihhh,sedih
2494,syang,sayang
2495,ngasi,mengasih
2496,naaaak,nak
2497,astafirullah,astagfirullah
2498,peragain,peragakan
2499,shayyy,say
2500,anjaayy,anjay
2501,shay,say
2502,ngilerrrr,mengiler
2503,woyyy,woy
2504,shaaaay,say
2505,hempaass,hempas
2506,sayyy,say
2507,shayy,say
2508,syantiek,cantik
2509,njay,anjay
2510,hehh,eh
2511,cantik2,cantik-cantik
2512,kam,kamu
2513,ingeet,ingat
2514,sblh,sebelah
2515,nawarin,menawari
2516,amiiiiin,amin
2517,jauhhh,jauh
2518,waaahhh,wah
2519,ajakin,mengajak
2520,mntn,mantan
2521,ade,adek
2522,luhhh,lu
2523,yooookkk,yuk
2524,jrnk,jarang
2525,"jelas""",jelas-jelas
2526,kayax,kayak
2527,dblkng,dibelakang
2528,anjirr,anjir
2529,mirippp,mirip
2530,sangattt,sangat
2531,iyap,iya
2532,mayann,lumayan
2533,autuhh,tau tuh
2534,atutt,takut
2535,ketara,tertara
2536,giniii,begini
2537,mbaaass,mbak
2538,bund,bunda
2539,bangeeettt,banget
2540,almh,almarhumah
2541,temenkuuh,temanku
2542,suami'y,suaminya
2543,bngeeeetttt,banget
2544,entr,entar
2545,kyax,kayak
2546,cuantikkk,cantik
2547,mksdnya,maksudnya
2548,kaaaaaaaaaakkkkkkkkkkk,kak
2549,kucing'y,kucingnya
2550,nama'in,namai
2551,panggilan'ya,panggilannya
2552,panggilan'y,panggilannya
2553,z,saja
2554,kalw,kalau
2555,tips2,tips-tips
2556,alu,aku
2557,ngerrrriiii,ngeri
2558,ngriii,mengiri
2559,amatt,amat
2560,smpai,sampai
2561,kox,kok
2562,tmbah,tambah
2563,cntikk,cantik
2564,pkee,pakai
2565,smkin,semakin
2566,amiiiiinnn,amin
2567,bgmna,bagaimana
2568,ssorg,seseorang
2569,hdpn,hadapan
2570,foto2,foto-foto
2571,mnambh,menambah
2572,ktaatan,ketaatan
2573,stju,setuju
2574,cantikkkkkk,cantik
2575,dilepas2,dilepas-lepas
2576,tehhh,teh
2577,istiqomahhh,istikamah
2578,tehhhh,teh
2579,prodaknya,produknya
2580,imutt,imut
2581,amu,kamu
2582,nahh,nah
2583,mauuuuuuu,mau
2584,jilbb,jilbab
2585,tmn,teman
2586,ndut,gendut
2587,ngecek,mengecek
2588,psti,pasti
2589,penasarn,penasaran
2590,cuyy,cuy
2591,astauviruloh,astagfirullah
2592,paaak,pak
2593,diajarin,diajari
2594,gawl,gaul
2595,kecr,kece
2596,iih,ih
2597,laaaah,lah
2598,aned,banget
2599,gingsungny,gingsulnya
2600,blh,boleh
2601,cariin,carikan
2602,kenceng,kencang
2603,cuanti,cantik
2604,mbanya,mbaknya
2605,knlan,kenalan
2606,mbaakk,mbak
2607,mrka,mereka
2608,nyusahhin,menyusahkan
2609,byaran,bayaran
2610,wlawpun,walaupun
2611,sedangkn,sedangkan
2612,tnpa,tanpa
2613,bnggain,banggakan
2614,nyusahin,menyusahkan
2615,malu2in,malu-malui
2616,dibanggain,dibanggakan
2617,wlau,walau
2618,komenan,komentar
2619,"bangga""in",membangga-banggakan
2620,krya,karya
2621,"bilang""",bilang-bilang
2622,tinggall,tinggal
2623,dmna,dimana
2624,dripda,daripada
2625,bangga2in,membangga-banggakan
2626,dibnggain,dibanggakan
2627,karya2,karya-karya
2628,drimana,darimana
2629,ngepake',memakai
2630,gksalah,enggak salah
2631,nuntut,menuntut
2632,ngebiarin,membiarkan
2633,bhas,bahas
2634,lagu'y,lagunya
2635,jadiin,jadikan
2636,diem,diam
2637,nyampah,menyampah
2638,"mba""",mbak-mbak
2639,bukan'a,bukannya
2640,tappi,tapi
2641,kalli,kali
2642,pacara,pacaran
2643,"ngerebut""",merebut-rebut
2644,lluu,lu
2645,mbaa,mbak
2646,ngerussak,merusak
2647,"bela""in",membela-bela
2648,bellain,membela
2649,kallo,kalo
2650,coment,komen
2651,dewassa,dewasa
2652,comnet,komen
2653,"pikir""",pikir-pikir
2654,kaya'a,kayanya
2655,kuyyy,yuk
2656,kitaa,kita
2657,sgtu'y,sebegitunya
2658,ngebelain,membela
2659,tpii,tapi
2660,"karya""",karya-karya
2661,do,di
2662,cali,caci
2663,penghrgaan,penghargaan
2664,ajjh,saja
2665,lbihh,lebih
2666,baikk,baik
2667,drii,dari
2668,"artist""",artis-artis
2669,"maki""",maki-maki
2670,sendirinnya,sendirinya
2671,stidaknya,setidaknya
2672,may,mau
2673,trbaikk,terbaik
2674,punn,pun
2675,mengikutii,mengikuti
2676,atassan,atasan
2677,klauu,kalau
2678,jngnn,jangan
2679,so,sok
2680,sendirinyya,sendirinya
2681,frestasiii,prestasi
2682,mst,mesti
2683,add,ada
2684,see,sih
2685,sibukx,sibuknya
2686,in,ini
2687,katanyaa,katanya
2688,lawaaaas,lawas
2689,kocaaaak,kocak
2690,syng,sayang
2691,adenya,adeknya
2692,pkoknyaa,pokoknya
2693,dsana,disana
2694,dua2nya,dua-duanya
2695,sichhhhhhhhhh,sih
2696,nampak,menampak
2697,tetehh,teteh
2698,wooowww,wow
2699,cobain,coba
2700,muga,moga
2701,kenalin,mengenalkan
2702,janka,jangka
2703,wawwwww,wow
2704,waaaww,wow
2705,waaawwww,wow
2706,mantapp,mantap
2707,cobaaa,coba
2708,kageet,kaget
2709,bangettttttt,banget
2710,oplas,operasi plastik
2711,nambahh,bertambah
2712,paripurnahh,paripurna
2713,wanitah,wanita
2714,indonesiaah,indonesia
2715,cumn,cuman
2716,gegra,gegara
2717,brita,berita
2718,fotbar,foto bareng
2719,wajarrr,wajar
2720,sngt,sangat
2721,wk,waktu
2722,bingiittt,banget
2723,nampar,menampar
2724,tukan,tukang
2725,jatoh,jatuh
2726,"muka""",muka-muka
2727,cantik2nya,cantik-cantiknya
2728,sdgkn,sedangkan
2729,"apa""",apa-apa
2730,mancungin,memancungkan
2731,idung,hidung
2732,kusem,kusam
2733,drpada,daripada
2734,kmar,kamar
2735,diemm,diam
2736,tnggu,tunggu
2737,ketawain,mentertawakan
2738,yaelahhh,alah
2739,"sikap""",sikap-sikap
2740,bales,balas
2741,ampuun,ampun
2742,ngejatuhin,manjatuhkan
2743,ngelakuin,melakukan
2744,gedeg,gedek
2745,muka2,muka-muka
2746,eey,eh
2747,kslahan,kesalahan
2748,perhatiam,perhatian
2749,dibiarin,dibiarkan
2750,sbnrny,sebenarnya
2751,trjd,terjadi
2752,mkir,memikir
2753,hny,hanya
2754,apalai,apalagi
2755,bkal,bakal
2756,saat2,saat-saat
2757,nyadar,menyadari
2758,bka,buka
2759,berani2,berani-berani
2760,lucuuuuu,lucu
2761,pipi'y,pipinya
2762,gemmeeezzz,gemas
2763,sukam,suka
2764,menghilangkn,menghilangkan
2765,mnjdkan,menjadikan
2766,mudah2n,mudah-mudahan
2767,stlh,setelah
2768,soalx,soalnya
2769,keche,kece
2770,badaii,badai
2771,btuh,butuh
2772,ktanya,katanya
2773,bebrp,beberapa
2774,sblum,sebelum
2775,santab,santap
2776,salehah,salihah
2777,mikirin,memikirkan
2778,subhannallah,subhanallah
2779,konsul,konsultasi
2780,pengalam,pengalaman
2781,poko,pokok
2782,trun,turun
2783,kuninggg,kuning
2784,pinkkkk,pink
2785,warnany,warnanya
2786,seger,segar
2787,senangat,semangat
2788,msknya,masaknya
2789,kerennnn,keren
2790,ciptain,ciptakan
2791,bagussss,bagus
2792,sayangkuh,sayangku
2793,gans,ganteng
2794,kren,keren
2795,babget,banget
2796,dihh,dih
2797,jadu,jadi
2798,ksyngn,kesayangan
2799,haru,harus
2800,ngingetin,mengingatkan
2801,narik,menarik
2802,"orang""",orang-orang
2803,gokilll,gila
2804,astagaaaa,astaga
2805,hancuuuuuy,hancur
2806,mattihhh,mati
2807,beudd,banget
2808,termiribkan,termiripkan
2809,dngerin,mendengarkan
2810,brrti,berarti
2811,wenakk,enak
2812,nganteng,ganteng
2813,abanggg,abang
2814,seksii,seksi
2815,gtuh,begitu
2816,jadii,jadi
2817,emeezzz,gemas
2818,amohhh,kamu
2819,maau,mau
2820,eyke,aku
2821,gilakkkkk,gila
2822,awk,awak
2823,duhhhhh,duh
2824,wowww,wow
2825,liaatt,lihat
2826,iniiiii,ini
2827,aloh,allah
2828,ngettt,banget
2829,maso,masa
2830,brubah,berubah
2831,pelastik,plastik
2832,keak,kayak
2833,dengerin,dengarkan
2834,beud,banget
2835,pahamin,pahami
2836,takuuuuut,takut
2837,ahahahanjirrr,anjir
2838,jogetin,berjoget
2839,shaay,say
2840,boker,berak
2841,pacarnyaa,pacarnya
2842,siapaa,siapa
2843,matii,mati
2844,ketawaa,ketawa
2845,wanjiir,anjir
2846,bw,bawa
2847,minta,meminta
2848,bnran,benaran
2849,sgla,segala
2850,uitnya,duitnya
2851,beliiin,belikan
2852,yaaah,ya
2853,sekaeang,sekarang
2854,tgk,tengok
2855,tanyain,tanyakan
2856,jatuhnyaa,jatuhnya
2857,banyakin,membanyaki
2858,tipu2nya,tipu-tipunya
2859,doaang,doang
2860,gituan,begituan
2861,kaj,kak
2862,wahhhhhh,wah
2863,iiiiiiiii,ih
2864,kaliiiiiii,kali
2865,melebihin,melebihi
2866,gakpapa,enggak apa-apa
2867,kalogak,kalo enggak
2868,sm2,sama-sama
2869,ndukung,mendukung
2870,kaaaaa,kak
2871,aamiinnn,amin
2872,skluarga,sekeluarga
2873,suaminga,suaminya
2874,berhijap,berhijab
2875,smgaa,semoga
2876,istiqamah,istikamah
2877,cuaaantikk,cantik
2878,muraaaaah,murah
2879,baraang,barang
2880,aamiiin,amin
2881,bets,banget
2882,alhamdulillaaaaah,alhamdulillah
2883,sembuhin,menyembuhkan
2884,pengrusak,perusak
2885,ngoceh,mengoceh
2886,aduhhh,aduh
2887,hpus,hapus
2888,pjang,pajang
2889,bdampingan,berdampingan
2890,kaga,kagak
2891,uih,uh
2892,"serem""",seram-seram
2893,"happi""",hepi-hepi
2894,bgtuu,begitu
2895,mff,maaf
2896,ktwa,ketawa
2897,trlalu,terlalu
2898,jjur,jujur
2899,ngmg,mengomong
2900,semogaa,semoga
2901,kepelesett,terpeleset
2902,geeelaakk,gila
2903,bolang,bocah petualang
2904,pkek,pakai
2905,lagihh,lagi
2906,hedeuuhh,aduh
2907,stress,stres
2908,saltummmm,salah kostum
2909,mboizzz,bois
2910,suda,sudah
2911,kayaq,kayak
2912,ema,emak
2913,dirumahny,dirumahnya
2914,yuh,tuh
2915,rmbt,rambut
2916,apus,hapus
2917,siapayahh,siapa ya
2918,kostom,kostum
2919,gnii,begini
2920,atuu,satu
2921,pipinyaaa,pipinya
2922,bungkuuuuuuuuusss,bungkus
2923,iiiihhhhhj,ih
2924,emeessss,gemas
2925,pipine,pipinya
2926,glembeeeer,gelambir
2927,lucunaaa,lucunya
2928,cubanget,lucu banget
2929,pengenn,ingin
2930,unyuuk,unyu
2931,dedek,adek
2932,lucunyah,lucunya
2933,mantaaap,mantap
2934,keduaa,kedua
2935,trsrh,terserah
2936,ksih,kasih
2937,seterong,setrong
2938,teyuss,terus
2939,dimasukin,dimasuki
2940,jelekin,menjelekkan
2941,jahatin,menjahati
2942,tai,tahi
2943,gtw,enggak tau
2944,qo,kok
2945,nulis,menulis
2946,nyebutin,menyebutkan
2947,ngertiin,mengerti
2948,rasaiin,rasai
2949,gakusah,enggak usah
2950,disni,disini
2951,sabarrr,sabar
2952,semangaatttt,semangat
2953,nyalahin,menyalahkan
2954,bedainnya,membedakannya
2955,keknya,kayaknya
2956,krus,kurus
2957,elaaaahhhh,alah
2958,cogan,cowok ganteng
2959,tap8,tapi
2960,pandanginya,memandanginya
2961,kenaliiin,kenalkan
2962,banyak2,banyak-banyak
2963,yo,ya
2964,suko,suka
2965,niih,nih
2966,sihhhh,sih
2967,"sebaik""",sebaik-baik
2968,segtu,sebegitu
2969,ngebenci,membenci
2970,bakar2in,bakar-bakari
2971,padhe,pakde
2972,yya,ya
2973,atw,atau
2974,dosa2mu,dosa-dosamu
2975,maafin,memaafi
2976,gile,gila
2977,ujung2,ujung-ujung
2978,dalem2,dalam-dalam
2979,kgak,kagak
2980,bahas2,bahas-bahas
2981,ud,sudah
2982,woles,selow
2983,hianatin,khianati
2984,halangin,halangi
2985,iyuh,ih
2986,iyuuuhhhh,ih
2987,gaje,enggak jelas
2988,gabakal,enggak bakal
2989,adapin,menghadapi
2990,ngehakimi,menghakimi
2991,ngejuangin,memperjuangkan
2992,dipojokin,dipojokkan
2993,bacotin,bacoti
2994,berati,berarti
2995,kebangetak,kebangetan
2996,tangkep,tangkap
2997,bt,buat
2998,sadis2,sadis-sadis
2999,maksir,menaksir
3000,hebatt,hebat
3001,pndang,pandang
3002,pmbelajaran,pembelajaran
3003,ngejelek,menjelekkan
3004,maslah,masalah
3005,mmperbaiki,memperbaiki
3006,nahan,menahan
3007,kafeh,kafe
3008,remang2,remang-remang
3009,mlh,malah
3010,tinggl,tinggal
3011,dirmh,dirumah
3012,iyuuhhh,ih
3013,ktika,ketika
3014,dipuja2,dipuja-puja
3015,ngrasain,merasai
3016,ityl,itil
3017,hbs,habis
3018,marah2,marah-marah
3019,wenak,enak
3020,ngarang,mengarang
3021,kelas'a,kelasnya
3022,hadeeehhh,aduh
3023,"kecil""",kecil-kecil
3024,"gtu""an",begitu-gituan
3025,gmanapun,bagaimanapun
3026,kr,kira
3027,nenek2,nenek-nenek
3028,taux,taunya
3029,urat2nya,urat-uratnya
3030,ketarik,tertarik
3031,ngorbanin,mengorbankan
3032,eksprsi,ekspresi
3033,gitulah,begitulah
3034,"foto""",foto-foto
3035,mamas,mas
3036,bandingin,bandingkan
3037,tua2,tua-tua
3038,terus2an,terus-terusan
3039,waduhh,waduh
3040,"bawa""",bawa-bawa
3041,badingkan,membandingkan
3042,ngurus,mengurus
3043,lanjutin,lanjutkan
3044,ributin,meributkan
3045,brantem,berantem
3046,belain,membela
3047,lipetan,lipatan
3048,"nenek""",nenek-nenek
3049,bneraan,benaran
3050,kageeet,kaget
3051,sangaaattt,sangat
3052,rmbuut,rambut
3053,nt,nanti
3054,walik,balik
3055,oma2,oma-oma
3056,kellen,kalian
3057,nyerocos,mencerocos
3058,ibuk2,ibu-ibu
3059,ngomenin,mengomentari
3060,iseng2,iseng-iseng
3061,niyyyyhhhh,nih
3062,sexi2,seksi-seksi
3063,blik,balik
3064,kenape,kenapa
3065,ladenin,meladeni
3066,skit,sakit
3067,hat,hati
3068,jilbabnye,jilbabnya
3069,ledkin,meledeki
3070,digabtikan,digantikan
3071,jng,jangan
3072,ngumung,mengomong
3073,ilang-in,hilangkan
3074,prinadi,pribadi
3075,luh,lu
3076,yep,ya
3077,helooooo,halo
3078,loe,lo
3079,palingann,palingan
3080,berjinah,berzina
3081,munaafikk,munafik
3082,urusn,urusan
3083,saudra,saudara
3084,trganggu,terganggu
3085,bhijab,berhijab
3086,lepasin,melepas
3087,smentara,sementara
3088,waduhhh,waduh
3089,ursan,urusan
3090,sudab,sudah
3091,dwsa,dewasa
3092,rpt2,repot-repot
3093,ngaji,mengaji
3094,nmr,nomor
3095,romantiz,romantis
3096,murmer,murah meriah
3097,pensaran,penasaran
3098,baru2,baru-baru
3099,yuukk,yuk
3100,kitaaa,kita
3101,lainnyaa,lainnya
3102,perbulannn,perbulan
3103,penyebab2,penyebab-penyebab
3104,nyupir,menyopir
3105,steess,stres
3106,kwatir,kawatir
3107,tengah2,tengah-tengah
3108,duetin,duet
3109,mudaa,muda
3110,sebenernya,sebenarnya
3111,silsturahmi,silaturahmi
3112,dijkt,dijakarta
3113,cums,cuma
3114,undangan2,undangan-undangan
3115,past,pasti
3116,ayukk,yuk
3117,ngucapin,mengucapkan
3118,filmny,filmnya
3119,ntn,menonton
3120,nobar,menonton bareng
3121,kemariin,kemarin
3122,knpp,kenapa
3123,lggi,lagi
3124,gaprgi,enggak pergi
3125,aaahh,ah
3126,pa2,apa-apa
3127,dtunggu,ditunggu
3128,masa2,masa-masa
3129,kepikir,terpikir
3130,seruuu,seru
3131,emeshh,gemas
3132,kaya,kayak
3133,astagaaaaaa,astaga
3134,pacarn,pacaran
3135,ktg,kita
3136,pacaranya,pacarannya
3137,mbaak,mbak
3138,ngalah,mengalah
3139,de,dek
3140,pacarane,pacarannya
3141,rusakkk,rusak
3142,yaaampunnn,ya ampun
3143,tuwek,tua
3144,mukae,mukanya
3145,ultahe,ultahnya
3146,kliatanya,kelihatannya
3147,pcaranya,pacarannya
3148,bermaksut,bermaksud
3149,tampialannya,tampilannya
3150,nikaah,nikah
3151,"anak""",anak-anak
3152,pankapan,kapan-kapan
3153,ngumbar,mengumbar
3154,dhpusin,dihapuskan
3155,istiqomah,istikamah
3156,mnutup,menutup
3157,bngatt,banget
3158,dii,di
3159,ooh,oh
3160,hapusin,hapuskan
3161,lohhh,loh
3162,ngeuh,engah
3163,sneng,senang
3164,mutusin,memutuskan
3165,ngapus,menghapus
3166,awl,awal
3167,hrus,harus
3168,bngkit,bangkit
3169,mncoba,mencoba
3170,wahhh,wah
3171,mutuain,memutuskan
3172,smw,semua
3173,geuliiiiiiis,geulis
3174,euyyyyy,euy
3175,uuh,uh
3176,ngirim,mengirim
3177,ngidam,mengidam
3178,waah,wah
3179,sampis,sampah habis
3180,maapin,maaf
3181,ngebala,bala
3182,mampuussss,mampus
3183,diihhhh,dih
3184,hrusnya,harusnya
3185,sabal,sabar
3186,udahlah,sudahlah
3187,kauuuu,kau
3188,sabaro,sabar
3189,eehhh,eh
3190,iiii,ih
3191,kreative,kreatif
3192,bangrt,banget
3193,azekkkk,asik
3194,kuaaatt,kuat
3195,bhet,banget
3196,inggrisny,inggrisnya
3197,dsna,disana
3198,iyaap,iya
3199,mksih,terima kasih
3200,nga,enggak
3201,canyk,cantik
3202,prodac,produk
3203,nyesell,menyesal
3204,ciyusss,serius
3205,cyin,cinta
3206,bangetttttttt,banget
3207,sexi,seksi
3208,bundaaaa,bunda
3209,bangget,banget
3210,bettt,banget
3211,cantiiillx,cantik
3212,brapa,berapa
3213,alaami,alami
3214,sabaarrr,sabar
3215,cantiiiikk,cantik
3216,bangeeeeetttt,banget
3217,cannntikk,cantik
3218,banggett,banget
3219,thnan,tahunan
3220,cuantik,cantik
3221,segerr,segar
3222,wouww,wow
3223,cantiiikkk,cantik
3224,pen,ingin
3225,catokin,catok
3226,ikut2an,ikut-ikutan
3227,comment2nya,komentar-komentarnya
3228,teman2,teman-teman
3229,besar2an,besar-besaran
3230,knsul,konsultasi
3231,brhasil,berhasil
3232,hilangin,menghilangkan
3233,kontak2,kontak-kontak
3234,dptnya,dapatnya
3235,applikasi,aplikasi
3236,kereeeeen,keren
3237,bngeet,banget
3238,gemesinnnnn,menggemaskan
3239,ongkiir,ongkir
3240,ajaibbbbb,ajaib
3241,saayyyyy,say
3242,lohhhh,loh
3243,ganteung,ganteng
3244,bhgia,bahagia
3245,iiiiiiiiii,ih
3246,lucuukk,lucu
3247,keciil,kecil
3248,yakinn,yakin
3249,pentass,pentas
3250,ngarep,mengharap
3251,lucu2,lucu-lucu
3252,testinya,testimoninya
3253,mengirusi,mengurusi
3254,khdpn,kehidupan
3255,ngelawan,melawan
3256,betuuuuulllllllllllllllll,betul
3257,bisax,bisanya
3258,klmbutan,kelembutan
3259,seburuk2,seburuk-buruk
3260,diingetin,diingatkan
3261,ngeriiiiii,ngeri
3262,nich,nih
3263,akhlah,akhlak
3264,elo2,lo-lo
3265,mandiin,memandikan
3266,nguburin,menguburkan
3267,ngebedain,membedakan
3268,urusanny,urusannya
3269,tuhanny,tuhannya
3270,brtngkar,bertengkar
3271,pndapat,pendapat
3272,looh,loh
3273,sharusnya,seharusnya
3274,mngkannya,mangkanya
3275,nyia2in,menyia-nyiakan
3276,brarti,berarti
3277,mndpat,mendapat
3278,kpuasan,kepuasan
3279,sgampang,segampang
3280,mlepaskan,melepaskan
3281,trll,terlalu
3282,sndr,sendiri
3283,sellow,selow
3284,sbbrnya,sebenarnya
3285,kasar2,kasar-kasar
3286,semangattt,semangat
3287,testi,testimoni
3288,banyaak,banyak
3289,bujukk,bujuk
3290,d.apa,diapa
3291,apain,apai
3292,dsar,dasar
3293,benetaran,benaran
3294,bneran,benaran
3295,kraya,karya
3296,brg,bareng
3297,ngebantu,membantu
3298,janjutin,lanjutkan
3299,kepppoin,kepoi
3300,recommendasi,rekomendasi
3301,btulan,betulan
3302,kha,kah
3303,s,si
3304,tutupin,menutupi
3305,wik,wig
3306,ithu,itu
3307,botakin,botaki
3308,botakkkk,botak
3309,bnrn,benaran
3310,week,wig
3311,gawul,gaul
3312,modes,modis
3313,brayyy,bray
3314,kcantikan,kecantikan
3315,bronis,brondong manis
3316,gapunya,enggak punya
3317,bkln,bakalan
3318,kecantikanga,kecantikannya
3319,hiii,hai
3320,piiiilih,pilih
3321,deeh,deh
3322,zama,zaman
3323,gnti,ganti
3324,nmnya,namanya
3325,tapo,tapi
3326,gkk,enggak
3327,petinggi2,petinggi-petinggi
3328,wota2,wota-wota
3329,indefendet,independen
3330,tempat2,tempat-tempat
3331,taik,tahi
3332,yuuuukkk,yuk
3333,dituutup,ditutup
3334,ngayal,mengkhayal
3335,smvk,sempak
3336,knyataan,kenyataan
3337,njrittt,anjir
3338,selmt,selamat
3339,taz,atas
3340,klhran,kelahiran
3341,pertma,pertama
3342,kelahuran,kelahiran
3343,pertamany,pertamanya
3344,mamax,mamanya
3345,ankx,anaknya
3346,cantip,cantik
3347,klahiran,kelahiran
3348,slmat,selamat
3349,mmbanggakan,membanggakan
3350,ortuny,orang tuanya
3351,selmat,selamat
3352,bnda,bunda
3353,nyah,nya
3354,prtamax,pertamanya
3355,moqa,moga
3356,yq,yang
3357,brbakti,berbakti
3358,gewlaaaaa,gila
3359,basodaraa,bersaudara
3360,hargs,harga
3361,perhatiin,perhatikan
3362,abal2,abal-abal
3363,bantuim,bantu
3364,adl,adalah
3365,pelwak,pelawak
3366,suces,sukses
3367,sucses,sukses
3368,garemin,garami
3369,gapake,enggak pakai
3370,ngiringan,mengiringi
3371,karir.a,karirnya
3372,aamin,amin
3373,teruz,terus
3374,kemarn,kemarin
3375,recomendasinya,rekomendasinya
3376,promoo,promo
3377,ongkirr,ongkir
3378,mskasih,terima kasih
3379,wowwwww,wow
3380,seeeemua,semua
3381,batesin,batasi
3382,bijin,bikin
3383,ngeidealin,mengidealkan
3384,bhn,bahan
3385,gasalah,enggak salah
3386,brsma,bersama
3387,le,boleh
3388,ugha,juga
3389,semuaaa,semua
3390,heeee,hai
3391,rame2,rame-rame
3392,yam,ya
3393,kartunin,kartun
3394,kyaknya,kayaknya
3395,abez,habis
3396,baaaaaang,bang
3397,ganteeeeng,ganteng
3398,entahhh,entah
3399,gimanaaaa,bagaimana
3400,duuhh,duh
3401,gantengnyaaaa,gantengnya
3402,kpn2,kapan-kapan
3403,pans,fan
3404,kuliyh,kuliah
3405,gantengkuuuuuu,gantengku
3406,atassss,atas
3407,orgny,orangnya
3408,owalaah,walah
3409,aslinyo,aslinya
3410,alissnyaa,alisnya
3411,masaaaa,masa
3412,komuk,muka
3413,kalahnye,kalahnya
3414,iyaaaa,iya
3415,fakultass,fakultas
3416,smrg,semarang
3417,unyu2,unyu-unyu
3418,koq,kok
3419,yyaaa,ya
3420,insonniaaa,insomnia
3421,adekx,adeknya
3422,azaab,azab
3423,gksi,enggak sih
3424,greged,greget
3425,alamiii,alami
3426,ktemu,ketemu
3427,ditayangin,ditayangkan
3428,"ms""",masa-masa
3429,meranin,memerankan
3430,nontonny,menontonnya
3431,rekomendasiiin,merekomendasikan
3432,sista2,sista-sista
3433,agan2,agan-agan
3434,ngg,enggak
3435,nanget,banget
3436,ngeditnya,mengeditnya
3437,himana,bagaimana
3438,kekgini,kayak begini
3439,subhanaallahh,subhanallah
3440,sangat2,sangat-sangat
3441,terharuuuu,terharu
3442,"kata""",kata-kata
3443,subhanallahhh,subhanallah
3444,tlsn,tulisan
3445,nagiss,menangis
3446,aneut,banget
3447,trrharu,terharu
3448,subhnallah,subhanallah
3449,allahh,allah
3450,suamiii,suami
3451,dcintai,dicintai
3452,klrga,keluarga
3453,liat'y,lihatnya
3454,lggeng,langgeng
3455,romantisny,romatisnya
3456,duhhh,duh
3457,pcar,pacar
3458,kakanga,kakaknya
3459,slw,selow
3460,cpa,siapa
3461,akuu,aku
3462,aelah,alah
3463,orabg,orang
3464,mukanyaa,mukanya
3465,kakakny,kakaknya
3466,woooyy,woy
3467,ngelucu,melucu
3468,bukak,buka
3469,mato,mata
3470,kareno,karena
3471,cino,cina
3472,munafikk,munafik
3473,meker,mikir
3474,indoneaia,indonesia
3475,benarin,membenarkan
3476,jaadii,jadi
3477,apo,apa
3478,nyo,nya
3479,miara,memiara
3480,jalanani,menjalani
3481,dalil2,dalil-dalil
3482,sunah2,sunah-sunah
3483,sdah,sudah
3484,benda2,benda-benda
3485,bilang2,bilang-bilang
3486,emangnya,memangnya
3487,rumpiin,rumpi
3488,hotak,botak
3489,ikut2,ikut-ikut
3490,jawabanny,jawabannya
3491,ajj,saja
3492,mikir2,memikir-mikir
3493,melihara,memelihara
3494,oooh,oh
3495,hidupx,hidupnya
3496,ngefans,fan
3497,lsg,langsung
3498,uztad,ustad
3499,anjingnyaa,anjingnya
3500,pegang2,pegang-pegang
3501,ilmh,ilmu
3502,menasehati,menasihati
3503,suka2,suka-suka
3504,kelus,kali
3505,hubngan,hubungan
3506,koclak,kocak
3507,bju,baju
3508,cinggirnyaaaa,cinggirnya
3509,yahhhh,ya
3510,miripppp,mirip
3511,sedikitlaahh,sedikitlah
3512,miriplahhhhhh,miriplah
3513,syediih,sedih
3514,mirp,mirip
3515,baju.a,bajunya
3516,wiiiihhhhhhhhh,wih
3517,gantheng,ganteng
3518,synk,sayang
3519,ngfans,fan
3520,miriiippp,mirip
3521,idungnya,hidungnya
3522,wooow,wow
3523,panglingg,pangling
3524,artisnyaa,artisnya
3525,dtggu,ditunggu
3526,trnyata,ternyata
3527,bgtttttttt,banget
3528,rapih,rapi
3529,buuun,bun
3530,iyaappps,iya
3531,sukse,sukses
3532,nih2,nih-nih
3533,baruu,baru
3534,kecptan,kecepatan
3535,rmbutnya,rambutnya
3536,giti,begitu
3537,penganten,pengantin
3538,wrn,warna
3539,ne,ini
3540,cantikkkkk,cantik
3541,fans,fan
3542,loksyut,lokasi syuting
3543,amfun,ampun
3544,k',kak
3545,asuuu,asu
3546,kuu,ku
3547,dsini,disini
3548,dibls,dibalas
3549,ceklist,ceklis
3550,terusss,terus
3551,tlvn,telepon
3552,trkrim,terkirim
3553,kelaluan,kelakuan
3554,guanteng,ganteng
3555,cucok,cocok
3556,c,sih
3557,gueee,gue
3558,semangatt,semangat
3559,haduh,aduh
3560,mlz,malas
3561,emak2,emak-emak
3562,tante2,tante-tante
3563,kepoh,kepo
3564,jalanin,menjalani
3565,repong,repot
3566,ngrusin,mengurusi
3567,iy,iya
3568,dnk,dong
3569,senyumna,senyumnya
3570,ngejelek2in,menjelek-jelekkan
3571,hotx,hotnya
3572,cwnya,ceweknya
3573,mbaaahhh,mbah
3574,pasangn,pasangan
3575,sttus,status
3576,aama,sama
3577,hadeuuhhhh,aduh
3578,lebar2,lebar-lebar
3579,sstu,sesuatu
3580,serasiii,serasi
3581,cocokx,cocoknya
3582,emakx,emaknya
3583,iniiiiiiiiiiiiiii,ini
3584,cocookk,cocok
3585,kll,kalo
3586,arghhh,ah
3587,ungkapin,ungkapkan
3588,merrid,merit
3589,neh,nih
3590,cocokkkkk,cocok
3591,yaolohh,ya allah
3592,aee,saja
3593,naggung,menanggung
3594,battt,banget
3595,am,sama
3596,tah,teh
3597,luthuna,lucunya
3598,astagaaa,astaga
3599,suaraynyaa,suaranya
3600,duanyaa,duanya
3601,anjayyyy,anjay
3602,coeggg,coeg
3603,ancur,hancur
3604,koplak,kocak
3605,uaaasssiiiik,asik
3606,boss,bos
3607,nyubit,mencubit
3608,dede,adek
3609,gemez,gemas
3610,tium,cium
3611,gemeeezzzz,gemas
3612,ppa,papa
3613,papahhhnya,papahnya
3614,duuuhh,duh
3615,ginting,ganteng
3616,bingiiittzz,banget
3617,iiihh,ih
3618,dedeknya,adeknya
3619,hadeeuh,aduh
3620,geneeee,begini
3621,yooow,ya
3622,gemezz,gemas
3623,gayax,gayanya
3624,infpyunnnn,ampun
3625,paraaah,parah
3626,papiii,papi
3627,kamunyaa,kamunya
3628,ngambek,mengambek
3629,haduuuh,aduh
3630,kapaan,kapan
3631,nginjek,menginjak
3632,putihnyaa,putihnya
3633,ituuuu,itu
3634,omaaaaaaakk,oma
3635,loncattt,loncat
3636,didatengin,didatangi
3637,abg,abang
3638,kmariiin,kemarin
3639,ayoklaa,ayolah
3640,jelasssss,jelas
3641,kaliiin,kalian
3642,ujunggg,ujung
3643,kaakaaaa,kakak
3644,srruu,seru
3645,kannn,kan
3646,jmpaaaa,jumpa
3647,yukkk,yuk
3648,haii,hai
3649,syukaaakkk,suka
3650,dengeeriin,dengarkan
3651,yakaliiiii,yakali
3652,atuhh,atuh
3653,ngertii,mengerti
3654,apalgi,apalagi
3655,akuh,aku
3656,mesrany,mesranya
3657,jendes,janda
3658,ngggk,enggak
3659,coccokk,cocok
3660,msa,masa
3661,jendesss,janda
3662,klepek2,klepek-klepek
3663,bngtttt,banget
3664,ponakn,ponakan
3665,tantee,tante
3666,gadiss,gadis
3667,tpy,tapi
3668,jnda,janda
3669,bngy,banget
3670,bujngn,bujangan
3671,ngp,mengapa
3672,padetan,padatan
3673,bawa2,bawa-bawa
3674,nyobain,mencoba
3675,pcaran,pacaran
3676,or,orang
3677,tdak,tidak
3678,prcuma,percuma
3679,langgengggg,langgeng
3680,sekaliiiii,sekali
3681,anehhh,aneh
3682,hayal,khayal
3683,bedua,berdua
3684,bapeerr,bawa perasaan
3685,keinget,teringat
3686,merekak,mereka
3687,kreeenn,keren
3688,abisss,habis
3689,kocaaaakkk,kocak
3690,abiiiss,habis
3691,pass,pas
3692,personill,personil
3693,lengkapp,lengkap
3694,ampuuun,ampun
3695,iiihhhh,ih
3696,flim.a,filmnya
3697,trusan.a,terusannya
3698,tdung,tudung
3699,gangguin,mengganggu
3700,lgkah2,langkah-langkah
3701,taw,tau
3702,cntiiikkk,cantik
3703,tegaar,tegar
3704,sktlrang,sekarang
3705,kangeeeennnnn,kangen
3706,sjk,sejak
3707,tambh,tambah
3708,nangiis,menangis
3709,nyaaaaaaaaa,nya
3710,bundaa,bunda
3711,duuhhhhh,duh
3712,gaada,enggak ada
3713,malsudnya,maksudnya
3714,lluuccuu,lucu
3715,siappa,siapa
3716,martabakk,martabak
3717,skali2,sekali-kali
3718,kueren2,keren-keren
3719,abgnya,abangnya
3720,warkop,warung kopi
3721,hayuu,hayo
3722,kenapaa,kenapa
3723,ilang2an,hilang-hilangan
3724,ayooook,ayo
3725,astagaaaaaaaa,astaga
3726,inihhh,ini
3727,oom,om
3728,mansetan,bermanset
3729,cadasss,cadas
3730,kereeeeennn,keren
3731,"temen""",teman-teman
3732,telefisi,televisi
3733,nikmatin,menikmati
3734,mantappp,mantap
3735,mbahh,mbah
3736,giitu,begitu
3737,mtanya,matanya
3738,cpit,sipit
3739,dee,dek
3740,sumvahh,sumpah
3741,tamvann,tampan
3742,yap,ya
3743,guaaaaaaa,gua
3744,capa,sapa
3745,ngakakkk,mengakak
3746,liaat,lihat
3747,gantweng,ganteng
3748,anjjjjjjjj,anjing
3749,gakwad,enggak kuat
3750,seru2,seru-seru
3751,iniii,ini
3752,favoriteeee,favorit
3753,adaa,ada
3754,dinyanyiin,dinyanyikan
3755,seruu,seru
3756,nyengir,menyengir
3757,temennya,temannya
3758,klk,kelak
3759,brjdh,berjodoh
3760,akhrt,akhirat
3761,kangennnnn,kangen
3762,kanggen,kangen
3763,kangennnnnnn,kangen
3764,ysh,ya
3765,sypa,siapa
3766,nangisss,menangis
3767,brjodoh,berjodoh
3768,kaliann,kalian
3769,barengg,bareng
3770,kpnpun,kapanpun
3771,mendj,menjadi
3772,allahhhh,allah
3773,merindinggg,merinding
3774,amiennnn,amien
3775,iihh,ih
3776,lhir,lahir
3777,udeh,sudah
3778,menjdi,menjadi
3779,debay,adek bayi
3780,bangeer,banget
3781,lafazd,lafaz
3782,pmbyran,pembayaran
3783,plsa,pulsa
3784,"dimana""",dimana-mana
3785,sokk,sok
3786,ngambekan,ambekan
3787,sma2,sama-sama
3788,ngom,mengomong
3789,toloollll,tolol
3790,bodhooo,bodoh
3791,peliharaaaa,pelihara
3792,makanyaa,makanya
3793,"ati""",hati-hati
3794,kemakan,termakan
3795,bodhoo,bodoh
3796,siihhh,sih
3797,andaaa,anda
3798,buktinyaaa,buktinya
3799,smuaaa,semua
3800,ngambeknya,mengambeknya
3801,kebongkar,terbongkar
3802,tapii,tapi
3803,kasiian,kasihan
3804,diladenin,diladeni
3805,comen,komen
3806,ngtif,negatif
3807,comntr,komentar
3808,kaliannn,kalian
3809,brdiri,berdiri
3810,mulutny,mulutnya
3811,msalah,masalah
3812,trserh,terserah
3813,waduuuuh,waduh
3814,ngedukung,mendukung
3815,dihpus,dihapus
3816,mrekaa,mereka
3817,cakeeeeppp,cakep
3818,benerr,benar
3819,"brg""",bareng-bareng
3820,baanget,banget
3821,anjaaaayyyyyy,anjay
3822,ngetsz,banget
3823,utkmu,untukmu
3824,anj,anjing
3825,merekaa,mereka
3826,kann,kan
3827,dieee,dia
3828,yaahh,ya
3829,hijap,hijab
3830,ternodain,ternodai
3831,ngeri2,ngeri-ngeri
3832,mn,mana
3833,kt2,kata-kata
3834,agk,agak
3835,slhkan,salahkan
3836,jilbabny,jilbabnya
3837,perilakuny,perilakunya
3838,ketaatanny,ketaatannya
3839,kepda,kepada
3840,sblmny,sebelumnya
3841,bljr,belajar
3842,pedulilaaaah,pedulilah
3843,ingetin,mengingatkan
3844,terjrumus,terjerumus
3845,stuju,setuju
3846,sbb,sebab
3847,igtlah,ingatlah
3848,dtgkan,datangkan
3849,benahin,membenahi
3850,ohhhh,oh
3851,yapp,ya
3852,jauhh,jauh
3853,bingitt,banget
3854,buka2an,buka-bukaan
3855,ngembali,kembali
3856,semngat,semangat
3857,lekong,laki
3858,kacauuuu,kacau
3859,ngimpi,mimpi
3860,owh,oh
3861,ngerampas,merampas
3862,ngehancurin,menghancurkan
3863,ngungkit2,mengungkit-ungkit
3864,kaleee,kali
3865,caranga,caranya
3866,usa,usah
3867,dipikirin,dipikirkan
3868,nunduk,menunduk
3869,tembemmm,tembem
3870,lucuuuuuuuuuu,lucu
3871,bundaaa,bunda
3872,nyubitt,mencubit
3873,jls2,jelas-jelas
3874,supeer,super
3875,inni,ini
3876,appa,apa
3877,hayooo,hayo
3878,adyem,adem
3879,mitnah,memfitnah
3880,cantiknyaaaaa,cantiknya
3881,tmbm,tembam
3882,cantix,cantik
3883,kriput,keriput
3884,jelex,jelek
3885,drmn,darimana
3886,"laku""",laku-laku
3887,"orang""nya",orang-orangnya
3888,kacian,kasihan
3889,cape,capek
3890,mancing2,memancing-mancing
3891,eeeeh,eh
3892,kpancing,terpancing
3893,lakuin,melakukan
3894,cri,cari
3895,sbenernya,sebenarnya
3896,mikirinnn,memikirkan
3897,"diam""",diam-diam
3898,mengalahkn,mengalahkan
3899,nyindirin,menyindir
3900,nee,ini
3901,klakuan,kelakuan
3902,mksdx,maksudnya
3903,shabat,sahabat
3904,jk,jika
3905,brbuat,berbuat
3906,mmberi,memberi
3907,nm,nama
3908,sbhabat,sahabat
3909,pnjerumus,penjerumus
3910,tman,teman
3911,shbat,sahabat
3912,melakukn,melakukan
3913,seorg,seorang
3914,berkluarga,berkeluarga
3915,siapa2,siapa-siapa
3916,ketipu,tertipu
3917,"laki""",laki-laki
3918,mengait2kan,mengait-ngaitkan
3919,nyir2,nyinyir
3920,gosipin,menggosipkan
3921,sendri,sendiri
3922,bntar,bentar
3923,duuuhhh,duh
3924,nmbk,menembak
3925,gakkk,enggak
3926,abiiiiisssss,habis
3927,tikung2,tikung-tikung
3928,cwok,cowok
3929,bangedd,banget
3930,wuastagah,astaga
3931,bedaaa,beda
3932,jaoooh,jauh
3933,mateeeeeeeeeeee,mati
3934,parsis,persis
3935,sumpeh,sumpah
3936,iyh,iya
3937,kmana,kemana
3938,cantiqs,cantik
3939,kecik,kecil
3940,brasa,berasa
3941,trlihat,terlihat
3942,mmberikan,memberikan
3943,khidupan,kehidupan
3944,srpti,seperti
3945,dinamakn,dinamakan
3946,sgtu,sebegitu
3947,paati,pasti
3948,kutuu,kutu
3949,setelur2nya,setelur-telurnya
3950,khadiran,kehadiran
3951,kel,keluarga
3952,srta,serta
3953,kcil,kecil
3954,kberkahn,keberkahan
3955,kbahagiaan,kebahagiaan
3956,tntram,tentram
3957,brsama,bersama
3958,hngga,hingga
3959,brpndapat,berpendapat
3960,trutama,terutama
3961,hiraukn,hiraukan
3962,diamkn,diamkan
3963,hrsny,harusny
3964,brsyukur,bersyukur
3965,mmberikn,memberikan
3966,rasakn,rasakan
3967,cari2,cari-cari
3968,kesalahanny,kesalahannya
3969,kekuranganny,kekurangannya
3970,seandainy,seandainya
3971,perasaanny,perasaannya
3972,diindonesis,diindonesia
3973,liyatnya,lihatnya
3974,kayahhh,kaya
3975,ala2,ala-ala
3976,yook,yuk
3977,yoookkkk,yuk
3978,siihh,sih
3979,elus2,elus-elus
3980,asliiiii,asli
3981,aduuhhhh,aduh
3982,belom,belum
3983,padahl,padahal
3984,btul,betul
3985,kejahatn,kejahatan
3986,slam,salam
3987,ngelewati,melewati
3988,kalu,kalau
3989,ngerendahin,merendahkan
3990,apaalahh,apalah
3991,tnp,tanpa
3992,menyebut2,menyebut-nyebut
3993,mnt,minta
3994,kiya,kita
3995,miriiiiip,mirip
3996,dirimuuu,dirimu
3997,yoiiu,yoi
3998,semuanyaaaa,semuanya
3999,suka.a,sukanya
4000,jdii,jadi
4001,blnja,belanja
4002,brangnya,barangnya
4003,ada2,ada-ada
4004,nimpuk,menimpuk
4005,abiss,habis
4006,prlu,perlu
4007,coyyy,coy
4008,suaranyaa,suaranya
4009,jnagn,jangan
4010,kcwa,kecewa
4011,jaman2,jaman-jaman
4012,sok2an,sok-sokan
4013,dket2in,dekat-dekati
4014,cobak,coba
4015,britanya,beritanya
4016,tau2,tau-tau
4017,mahh,mah
4018,jamam,jaman
4019,paraa,para
4020,seharusny,seharusnya
4021,dasaar,dasar
4022,bergunaa,berguna
4023,mulutnyaaa,mulutnya
4024,blkng,belakang
4025,kcewa,kecewa
4026,mnusuk,menusuk
4027,blkang,belakang
4028,nembak,menembak
4029,trmanis,termanis
4030,krng,kurang
4031,kaciiaann,kasihan
4032,nyela,mencela
4033,ngejilat,menjilat
4034,hallooo,halo
4035,deketin,dekati
4036,tayik,tahi
4037,halooo,halo
4038,ustzah,ustazah
4039,halow,halo
4040,poooolllll,pol
4041,tahannn,tahan
4042,aduuh,aduh
4043,nyimpen,menyimpan
4044,ngarsipin,mengarsipkan
4045,cman,cuman
4046,gituuuuu,begitu
4047,kyy,kaya
4048,kngn,kangen
4049,kq,kok
4050,nyesek,menyesak
4051,rinduuuuuuu,rindu
4052,b2,berdua
4053,kangeeeennn,kangen
4054,mg,moga
4055,aamiiiiinnn,amin
4056,gemezzzz,gemas
4057,kangennnnnn,kangen
4058,prh,parah
4059,bakattt,bakat
4060,napsuu,napsu
4061,gmau,enggak mau
4062,luccu,lucu
4063,prasaan,perasaan
4064,lahirr,lahir
4065,setujuuuu,setuju
4066,sering2,sering-sering
4067,ceemen,cemen
4068,"sembunyi""""",sembunyi-sembunyi
4069,skrnh,sekarang
4070,cerdiik,cerdik
4071,jeniuss,jenius
4072,kurangin,kurangi
4073,kreen,keren
4074,s'lalu,selalu
4075,mauuuuuu,mau
4076,mintk,minta
4077,nyolong,mencolong
4078,pnjng,panjang
4079,slaluuuuu,selalu
4080,kanggggg,kang
4081,rezeqinya,rezekinya
4082,pintr,pintar
4083,dekk,dek
4084,maw,mau
4085,kura2,kura-kura
4086,edaaann,edan
4087,nempel,menempel
4088,hatiiii,hati
4089,sukkaa,suka
4090,luuuucuuu,lucu
4091,caantiiik,cantik
4092,luucuuu,lucu
4093,putihh,putih
4094,"terus""an",terus-terusan
4095,siiih,sih
4096,ternyataa,ternyata
4097,pollll,pol
4098,sekaliiii,sekali
4099,peduliin,mempedulikan
4100,komntr,komentar
4101,smngat,semangat
4102,dosax,dosanya
4103,pahalax,pahalanya
4104,akhirt,akhirat
4105,tinggalkn,tinggalkan
4106,rumh,rumah
4107,mk,maka
4108,trhtung,terhitung
4109,naaaa,nya
4110,ademmm,adem
4111,cerdass,cerdas
4112,tambahh,tambah
4113,polll,pol
4114,didengerin,didengarkan
4115,mantapppppp,mantap
4116,ngerespon,merespons
4117,dulurrr,dulur
4118,brusaha,berusaha
4119,lebh,lebih
4120,amin2,amin-amin
4121,positippp,positif
4122,jauuhhh,jauh
4123,brhjb,berhijab
4124,mdh2n,mudah-mudahan
4125,slmnya,salamnya
4126,jlbb,jilbab
4127,dempga,semoga
4128,selmnya,selamanya
4129,tth,teteh
4130,otot2,otot-otot
4131,lengkeeett,lengket
4132,caaannnttiikkk,cantik
4133,trusss,terus
4134,ademm,adem
4135,apalagiii,apalagi
4136,passs,pas
4137,beginii,begini
4138,satuu,satu
4139,cuantek,cantik
4140,akuuuur,akur
4141,iniehh,ini
4142,sayangx,sayangnya
4143,jodohx,jodohnya
4144,kaliaan,kalian
4145,haslnya,hasilnya
4146,kencng,kencang
4147,pmbantu,pembantu
4148,kmbl,kembali
4149,cuchook,cocok
4150,kloop,klop
4151,sempurnaa,sempurna
4152,klihatan,kelihatan
4153,cintax,cintanya
4154,pnuh,penuh
4155,ngrti,mengerti
4156,"mudah""an",mudah-mudahan
4157,"segala""ny",segala-galanya
4158,mantanny,mantannya
4159,jodohny,jodohnya
4160,cantk,cantik
4161,ituuu,itu
4162,kaasian,kasihan
4163,padhl,padahal
4164,"ank""",anak-anak
4165,pkrin,pikirkan
4166,anakx,anaknya
4167,sia2kan,sia-siakan
4168,naaahhh,nah
4169,beluumm,belum
4170,sayangggq,sayangku
4171,kreean,keren
4172,ciiieee,cie
4173,cieee,cie
4174,cieeee,cie
4175,berenanh,berenang
4176,pacarr,pacar
4177,bingitss,banget
4178,besokkk,besok
4179,annnnjjjjjjrrrr,anjir
4180,ngeliatin,melihati
4181,ngumbar2,mengumbar-umbar
4182,romantiss,romantis
4183,cocook,cocok
4184,lucuuuuuuuu,lucu
4185,kaaaaaann,kan
4186,nyaaaaaaa,nya
4187,lgs,langsung
4188,yaang,yang
4189,bangedt,banget
4190,gde,gede
4191,lutunaaa,lucunya
4192,bikinnn,bikin
4193,keee,ke
4194,bungkuuussss,bungkus
4195,lucux,lucunya
4196,bntr,bentar
4197,buanyaaak,banyak
4198,aaamiiinnn,amin
4199,aaamiiin,amin
4200,ntap,mantap
4201,abgnyaah,abangnya
4202,mungkiin,mungkin
4203,akuhh,aku
4204,manteb,mantap
4205,hiduupppp,hidup
4206,tebel,tebal
4207,nganggepin,menanggapi
4208,"mentang""",mentang-mentang
4209,najiss,najis
4210,perjabatt,pejabat
4211,makany,makanya
4212,benneeeeeerr,benar
4213,krjaan,pekerjaan
4214,kdng,kadang
4215,kdang,kadang
4216,knan,kanan
4217,anak'y,anaknya
4218,trknal,terkenal
4219,"gtu""",begitu-gitu
4220,klok,kalo
4221,aamiiiinnnnn,amin
4222,pengennnn,ingin
4223,guw,gue
4224,siiiiiiippppppppp,sip
4225,selaloe,selalu
4226,donggg,dong
4227,beruntungnyaaaa,beruntungnya
4228,soal'y,soalnya
4229,prhatian,perhatian
4230,hebaat,hebat
4231,ampunn,ampun
4232,gueeeee,gue
4233,liatt,lihat
4234,gehh,gih
4235,ankknyaaa,anaknya
4236,centilnyaaaaaa,centilnya
4237,gemesshzzzzhzzhzhzhsjssjs,gemas
4238,ngacaaa,mengaca
4239,diaaa,dia
4240,jirr,anjir
4241,kayaa,kaya
4242,cempreeng,cempreng
4243,centillll,centil
4244,pcran,pacaran
4245,anedh,banget
4246,ampyunnnn,ampun
4247,boro2,boro-boro
4248,nyta,nyata
4249,kampungn,kampungan
4250,j,saja
4251,mnghina,menghina
4252,ngolokin,mengolok
4253,blum,belum
4254,"syirik""",syirik-syirik
4255,than,tahan
4256,dsr,dasar
4257,siriik,sirik
4258,mampuuu,mampu
4259,khan,kan
4260,aduuhh,aduh
4261,cemburuu,cemburu
4262,bingitzzzz,banget
4263,tlog,tolong
4264,apasihhh,apasih
4265,sirikk,sirik
4266,dbnding,dibanding
4267,nrka,neraka
4268,s3ndiri,sendiri
4269,bhgiain,membahagiakan
4270,kdua,kedua
4271,prcya,percaya
4272,bhagaia,bahagia
4273,cuco,cocok
4274,genittt,genit
4275,kx,kak
4276,mlikk,milik
4277,"mentah""",mentah-mentah
4278,canci,cantik
4279,aneed,banget
4280,gimanaa,bagaimana
4281,lainnn,lain
4282,pentingg,penting
4283,bagaimanaaa,bagaimana
4284,krudung,kerudung
4285,enakkkkk,enak
4286,poool,pol
4287,jirrrr,anjir
4288,oprasiya,operasinya
4289,uwee,gue
4290,pilihannny,pilihannya
4291,itumahh,itumah
4292,muuuu,mu
4293,uuhhh,uh
4294,berbakiti,berbakti
4295,alhamd,alhamdulillah
4296,slmttt,selamat
4297,ucapin,mengucapkan
4298,tetp,tetap
4299,ditengah2,ditengah-tengah
4300,semuanyaa,semuanya
4301,semuannyaaa,semuanya
4302,aminn2,amin-amin
4303,abs,habis
4304,kebnyak'an,kebanyakan
4305,melahirin,melahirkan
4306,aduuuh,aduh
4307,cakeep,cakep
4308,lhooo,loh
4309,kamuuuu,kamu
4310,bagi2,bagi-bagi
4311,gimn,bagaimana
4312,smogaaa,semoga
4313,biza,bisa
4314,aamien,amien
4315,lngsing,langsing
4316,wowoooww,wow
4317,smulla,semula
4318,pdhall,padahal
4319,blln,bulan
4320,senang2,senang-senang
4321,jh,saja
4322,kereeennnn,keren
4323,gilakkk,gila
4324,gtu2,begitu-gitu
4325,cpet,cepat
4326,gataunya,enggak taunya
4327,gtau,enggak tau
4328,fans2,fan-fan
4329,gaharus,enggak harus
4330,knapa,kenapa
4331,sy,saya
4332,bobo,tidur
4333,haloo,halo
4334,halooo,halo
4335,gblk,goblok
4336,ajg,anjing
4337,mmantab,mantap
4338,bgo,bego
4339,goblk,goblok
4340,anjg,anjing
4341,ngabarin,mengabarkan
4342,subuh2,subuh-subuh
4343,gbsa,ga bisa
4344,ajay,anjay
4345,wuiiihh,wih
4346,gaes,guys
4347,pertanyaanny,pertanyaannya
4348,biat,buat
4349,ctk,cantik
4350,gosah,gak usah
4351,mbakyu,mbak ayu
4352,ditelp,ditelpon
4353,gub,gubernur
4354,bwh,bawah
4355,mnrt,menurut
4356,kndisi,kondisi
4357,mnganalisa,menganalisa
4358,lebar²,lebar-lebar
4359,trkait,terkait
4360,dilaporkn,dilaporkan
4361,trkena,terkenal
4362,sbgi,sebagai
4363,bk,buka
4364,ust,ustadz
4365,bpk,bapak
4366,erempuan,perempuan
4367,wooy,woy
4368,pleh,oleh
4369,bertahun2,bertahun-tahun
4370,ancur2an,hancur-hancuran
4371,tahunx,tahunnya
4372,berpa,berapa
4373,btw,by the way
4374,paksin,vaksin
4375,trmkash,terima kasih
4376,rese,resek
4377,yesss,yes
4378,dadi,jadi
4379,ora,tidak
4380,ngapusi,bohong
4381,wong,orang
4382,kudu,harus
4383,guyu,ketawa
4384,ora,tidak
4385,n,dan
4386,siaaap,siap
4387,byr,bayar
4388,yaaaaa,ya
4389,yaaaaa,makanya
4390,kmanusiaan,kemanusiaan
4391,tf,transfer
4392,jangaaan,jangan
4393,bantuin,membantu
4394,embel2,embel-embel
4395,tks,terima kasih
4396,kagak,tidak
4397,anjimmm,anjing
4398,sialannn,sialan
4399,coookkk,jancuk
4400,trf,transfer
4401,gabisaa,tidak bisa
4402,gbisa,tidak bisa
4403,hadehh,aduh
4404,cepeet,cepat
4405,benerin,perbaiki
4406,lo,anda
4407,adaaa,ada
4408,ket,keterangan
4409,dahhhhhhhhh,deh
4410,hadahhhhhhhh,aduh
4411,diangakt,diangkat
